model,dataset,_agg_trial,train_acc,val_acc,test_acc,elapsed_time,generalization_gap
CART,avila,103,0.0043869008194852436,0.012316077256984064,0.009670566829302191,0.001209147137448541,0.005986987239004289
ShapeCART,avila,40_6,0.02797179600061462,0.02926845884736673,0.02810314480623121,0.312117755876368,0.006778703305205187
CART,bank,39,0.0020036771945600358,0.010826537364273005,0.005975348818269892,0.00041209100936564965,0.005360430980807394
FBT,bank,5,0.006206249656596175,0.011069910171270587,0.01167051522855782,0.5077261233155131,0.007936163890696813
ShapeCART,bank,49_6,0.0013581032729508345,0.005161525956536471,0.006504973305095131,0.08725056275348601,0.005439680440981787
ShapeFBT,bank,77,0.0058464287560869195,0.013259814919522838,0.011894782524283448,0.9549147493888127,0.009509675846210507
XGBoost,bank,152,0.0,0.003997826947230253,0.006298169750014714,0.35943392598195295,0.006298169750014695
CART,bean,163,0.0010427198569126792,0.004365357660032004,0.00545698513833416,0.009355484621333093,0.006250475877883202
ShapeCART,bean,49_6,0.0021056675426097066,0.006766542211499163,0.007866153666182754,0.25297672340217386,0.009309102523874143
CART,bidding,148,0.0008053975415904585,0.004876862587770925,0.0017137401203216004,0.0004886775010167747,0.0013658326398208374
FBT,bidding,105,0.01074301197057882,0.010649469953946073,0.013018052177649323,3.438671857657352,0.0016319557898423717
ShapeCART,bidding,79_6,0.00025767964607244074,0.0032809631665107193,0.0,0.6243175803248696,0.00025767964607241944
ShapeFBT,bidding,82,0.010666952901367837,0.008417396372988483,0.01213116693480063,5.198870524601927,0.002959925674742489
XGBoost,bidding,21,0.00025767964607242676,0.002399650391202869,0.0021647821368442526,9.925633717726274,0.002159508809891704
CART,eye-state,148,0.008385394880385807,0.003875312800278216,0.010653151834081772,0.004377245366666118,0.007165746876634741
FBT,eye-state,80,0.009055130219936083,0.012341710882207535,0.013996885196357096,67.71852381656093,0.008463900832358574
ShapeCART,eye-state,79_6,0.006637575784878079,0.0053737931017112635,0.010316239973944027,0.48390368457659005,0.005129075033570896
ShapeFBT,eye-state,104,0.005980396241052951,0.01594764396392152,0.006615060899190557,79.7838194289773,0.0020733186682225305
XGBoost,eye-state,141,5.2033642962966805e-05,0.00479052719437017,0.004271787131868855,0.4059669555441674,0.004290251134840481
CART,fault,103,0.01752697091627646,0.06371781920860127,0.013283333964031785,0.0020921246855768417,0.01809625913552306
ShapeCART,fault,49_6,0.01803462878741892,0.045611936208628544,0.022009183839933718,0.2682144321167301,0.024853595027681568
CART,htru,173,0.0006749535539576139,0.0038987389627929713,0.0025860202628749493,0.003637650134358713,0.003120963553135425
FBT,htru,22,0.0011073602846408933,0.003768548593291618,0.002176229698354446,38.389926758078694,0.002416530115682363
ShapeCART,htru,13_5,0.0010580310959513442,0.0028596722714324843,0.0016286792194904057,0.034618747038273896,0.0023045937386012142
ShapeFBT,htru,104,0.000427515145930552,0.004001297439581313,0.00183804670778518,23.57249431993292,0.0018220969513173782
XGBoost,htru,129,0.000979892238973248,0.004298445509716215,0.0028240791419505166,0.5519632886372969,0.0035372072741076655
CART,magic,126,0.0028072477090559703,0.004437591937075804,0.009302580921443246,0.004481854225652594,0.008680347441203067
FBT,magic,196,0.00424583413477259,0.008083554849198486,0.005934525608673433,6.588030588871652,0.007530213987663302
ShapeCART,magic,180_6,0.004314897878281692,0.006842848515055677,0.011667137982384591,0.5565220117841703,0.012454640633113438
ShapeFBT,magic,64,0.004403948035569895,0.004748009930486691,0.004533628149727353,35.785197856232045,0.007775044610804492
XGBoost,magic,62,0.001961918831144692,0.008632333491009211,0.004726755250697916,0.2899222745052542,0.0040564951867345074
CART,occupancy,1,0.0002838816654875653,0.0010085867835739495,0.0009965403654643972,0.005184560280293788,0.0005006773412088675
FBT,occupancy,104,0.0005782336897829884,0.0014348502360873353,0.0022440451867107927,21.448721165239682,0.0005374460903197882
ShapeCART,occupancy,79_6,0.00030504130867802545,0.0015984674535316082,0.00210969512015359,0.11067102027766798,0.0018867365210860775
ShapeFBT,occupancy,98,0.0010029966101638042,0.0017335044562965427,0.001478851141934151,15.800477973748965,0.0005248253995377635
XGBoost,occupancy,152,0.0002822490035411993,0.0015910773708402463,0.001482977983653155,0.48937966500591334,0.0017092453598006228
CART,page,153,0.0017644063307525966,0.006411685402450742,0.006247503541415534,7.219210483148407e-05,0.0040285256980686695
ShapeCART,page,74_6,0.0021992250907990328,0.005266868168086215,0.007458399573635087,1.3262226940707584,0.009024395309382259
CART,raisin,129,0.006790210158750628,0.04036879065936953,0.015010356508091313,0.00037700331563528695,0.0156231873284551
FBT,raisin,1,0.007062749216841858,0.012668489148276552,0.025153761716689635,0.2680710633921529,0.024328899621643384
ShapeCART,raisin,141_6,0.01012629184351311,0.04804834628059536,0.020412550607408174,0.3664929786103685,0.013730683915959847
ShapeFBT,raisin,142,0.0036543736809472784,0.033701677799480544,0.021730649120539437,0.3288104379308843,0.01590680887230371
XGBoost,raisin,82,0.0057233272927555215,0.03296085594762371,0.025879876831237075,0.15236158487066218,0.021344879339082724
CART,rice,1,0.0008953002289735221,0.010661507946815,0.004945268617577821,0.00048422412166268633,0.0026565038678684548
FBT,rice,101,0.002347559945986489,0.010498625005209029,0.004602488164026025,0.37197710887297863,0.0028511199027750405
ShapeCART,rice,52_4,0.003463089328908491,0.004768026352695605,0.006535504517632931,0.17042757485512722,0.005072809951102074
ShapeFBT,rice,45,0.0009703930646908155,0.007283250524319496,0.0032676970483813007,6.767203193253089,0.0022635923219519872
XGBoost,rice,107,0.0014274979159354367,0.006587582166470545,0.003021102398132151,0.31808723497367825,0.002908445254771016
CART,room,148,0.0007556133270397196,0.0032441302840669228,0.0019558099856581065,0.0010497254402937939,0.001750768060023965
ShapeCART,room,167_6,0.0007786979517117159,0.002140295470256414,0.0008262316866351791,0.17086391200221307,0.0011041255816255612
CART,segment,49,0.004293644407726371,0.01239636947658464,0.00996610642628303,0.0011552697520492777,0.012044496157996852
ShapeCART,segment,167_6,0.009230648471261364,0.020165892732532328,0.012713729102824261,0.836167155493326,0.00468685144846728
CART,skin,103,0.0006080686638858719,0.0007610648461202232,0.0009537572018076413,0.0014878097324590941,0.0007224401705331732
FBT,skin,104,0.0008956464146079206,0.0013876976255654387,0.0006532184167642766,41.096108395939375,0.0011552850297654024
ShapeCART,skin,100_5,0.0006080686638858902,0.0007610648461202276,0.0009537572018076972,0.05977660011074567,0.0007224401705331732
ShapeFBT,skin,28,0.0006080686638859231,0.000761064846120228,0.0009537572018076538,16.931360767272352,0.0007224401705331732
XGBoost,skin,10,0.0006080686638859069,0.0007610648461202097,0.0009537572018076771,27.03791836613272,0.0007224401705331732
CART,wilt,126,0.001590202031189758,0.004932905310260897,0.00441901897484049,0.0005581052768071633,0.004480302579067623
FBT,wilt,5,0.004552899878099637,0.004479350287709135,0.0033156129900819256,3.3432529955614334,0.004099790092187619
ShapeCART,wilt,49_6,0.001181125014551773,0.006367839665066921,0.00409307919542245,0.017488543115422733,0.0047830030002081365
ShapeFBT,wilt,152,0.004763433079198269,0.011778889200599524,0.007534810568289003,5.417645342048075,0.004532005262574152
XGBoost,wilt,127,0.0004850084535345795,0.0017285396148194068,0.0032172602163952862,0.0838308621493302,0.003327558083640325
