model,dataset,n_estimators,max_depth,train_acc_mean,train_acc_std,val_acc_mean,val_acc_std,test_acc_mean,test_acc_std,generalization_gap_mean,generalization_gap_std
FBT,bidding,10,3,0.9737794,0.007953523294741806,0.9743672,0.00616890003971533,0.9718576000000001,0.008971439895579716,0.0019218,0.006554559725870227
FBT,bidding,10,4,0.9769439999999999,0.00781699619419123,0.9775316000000001,0.005638975376786102,0.9748616,0.009509194566313167,0.0020824,0.005796480164720655
FBT,bidding,10,5,0.9778482000000001,0.008192015606674553,0.9787974,0.006768809223194268,0.9758102000000001,0.009313150202804623,0.0020380000000000003,0.005671397623161331
FBT,bidding,20,3,0.9710668,0.00513475668362197,0.9715187999999999,0.005365633951361207,0.9701185999999999,0.008184634066346501,0.0009482000000000001,0.006304421400890013
FBT,bidding,20,4,0.9760398,0.00806511498368126,0.9768988000000001,0.006951200306421875,0.973755,0.010433394629745409,0.0022847999999999996,0.006165157881190067
FBT,bidding,20,5,0.9799277999999999,0.010589358512204638,0.9797468,0.008175997657778517,0.9767588,0.012305042450150221,0.0031689999999999995,0.003714558116384774
FBT,bidding,40,3,0.9733726,0.0070082094931586915,0.974367,0.0071115072945192245,0.9716998,0.008827621265097377,0.0016727999999999997,0.006119053823917551
FBT,bidding,40,4,0.9786166,0.010627281886729076,0.9800634,0.008709995539608474,0.9770752,0.012499218683581738,0.0015414,0.0028139972103753052
FBT,bidding,40,5,0.979114,0.010957078830600778,0.9791138,0.011266610879053205,0.9778656,0.013121247856053939,0.0012483999999999998,0.004471654201746822
FBT,bidding,60,3,0.978029,0.008755302164974122,0.9787974,0.0062896086762214,0.9754942,0.011024570454217232,0.0025348,0.005481549388630919
FBT,bidding,60,4,0.9797018,0.010814896518228898,0.9810126,0.009020585585204506,0.978656,0.01243660052023858,0.0010458,0.003345812935595773
FBT,bidding,60,5,0.9754522,0.015349643699447869,0.9737342,0.015607634852853257,0.9724902,0.015322536366411378,0.0029620000000000002,0.004672168447305812
FBT,bidding,80,3,0.9805607999999999,0.01063699488577483,0.9797468,0.009320976139868584,0.9781818,0.011799384250883557,0.002379,0.0025146790053603265
FBT,bidding,80,4,0.9793402,0.010543678423586339,0.9797466,0.011486654617424513,0.97834,0.012203075923716892,0.0010002000000000001,0.003918751867623159
FBT,bidding,80,5,0.9753166,0.015629811300844267,0.9749998,0.015027800244879494,0.9728064,0.017070321871599223,0.0025101999999999998,0.0033039231528593396
FBT,bidding,100,3,0.9796566,0.010360886511298118,0.9803796,0.009533409872653085,0.9788143999999999,0.01198072471931472,0.0008422000000000002,0.0034877905183654597
FBT,bidding,100,4,0.9801086,0.010463919595447936,0.9794302,0.012153720693680582,0.9786564,0.012246550853199395,0.0014522,0.004505536338772555
FBT,bidding,100,5,0.9762207999999999,0.014711028998679872,0.9753164,0.014570832278905701,0.9737548,0.01650085690805173,0.002466,0.0030482835334003956
FBT,magic,10,3,0.7946384,0.001108455817793358,0.7874344,0.0025032867993899695,0.7886398,0.010246440123281839,0.005998600000000001,0.010376294295171085
FBT,magic,10,4,0.8033110000000001,0.005173702204418016,0.7919224,0.009362835216962889,0.7957398,0.011726991310647385,0.0075712,0.010252382171963744
FBT,magic,10,5,0.7926518,0.01377912568706741,0.7847418,0.014293385435228442,0.7849776,0.015228795661509188,0.007674200000000001,0.010306416190897784
FBT,magic,20,3,0.7942756,0.010734930940625588,0.7838444,0.007056140892867724,0.787967,0.014616208212118526,0.0063086,0.010257615575756385
FBT,magic,20,4,0.7934424,0.007116280791256085,0.7817502000000001,0.005556935729338596,0.7857998,0.012380921702361252,0.007642599999999999,0.008849143732587916
FBT,magic,20,5,0.7813950000000001,0.029549914661467336,0.7732236,0.027801945944483805,0.7730192,0.02598528456068932,0.0083758,0.010908470387730813
FBT,magic,40,3,0.8058316,0.008603970786793721,0.7940166000000001,0.011606467520309511,0.7995514,0.009163496947126657,0.0062802,0.009263632262779
FBT,magic,40,4,0.798932,0.009860860434059501,0.78549,0.013570534127292144,0.791181,0.010481493810521492,0.007750999999999999,0.008983718244691337
FBT,magic,40,5,0.794959,0.008079433334089735,0.7793568000000001,0.007347577845793804,0.7846038,0.0072296530483834075,0.0103552,0.009557154110926537
FBT,magic,60,3,0.8072412,0.004366900182051332,0.7968584,0.003199399287366293,0.8006726000000001,0.006011980148004482,0.006568599999999999,0.009181710968005907
FBT,magic,60,4,0.8039734,0.005865822133341596,0.7880328000000001,0.011797818175408552,0.7923020000000001,0.008962580348314928,0.0116714,0.004351619618027292
FBT,magic,60,5,0.7976928,0.010692765577716578,0.7833956,0.010638427529480137,0.7886396,0.0050937002071186005,0.0090532,0.011678183150644623
FBT,magic,80,3,0.8057886,0.012472758868830964,0.7850412,0.016263391027088982,0.8,0.011528296730219921,0.0057886,0.008273604794767514
FBT,magic,80,4,0.8014524,0.00876732326882043,0.7808526,0.012559954351031678,0.791704,0.0070538319018814515,0.0097484,0.009136950382923179
FBT,magic,80,5,0.8002990000000001,0.004156166382617559,0.7874348,0.00899727896088592,0.7930494,0.00930669258114829,0.0072496,0.011511087841728948
FBT,magic,100,3,0.8047848,0.012812215448547552,0.7811518000000001,0.012067254086990902,0.7984306,0.008884987355083845,0.0063542,0.00779162413749534
FBT,magic,100,4,0.8044857999999999,0.011155025221845038,0.7881824,0.005874854662032072,0.7928252,0.008738207350481022,0.0116606,0.009133072829009959
FBT,magic,100,5,0.7997438,0.006077032063433589,0.786836,0.010877505987127762,0.7915548,0.0057188558471079004,0.008188999999999998,0.010648804275598271
FBT,raisin,10,3,0.8860317999999999,0.00519232844685311,0.8511112000000001,0.012668971532843529,0.86,0.019798491028358726,0.0260318,0.021083451631552175
FBT,raisin,10,4,0.895238,0.01370074333749811,0.8622223999999999,0.02165965983804919,0.8588888000000001,0.02242948759334465,0.0363492,0.029372810398393952
FBT,raisin,10,5,0.8968252,0.014677145301454189,0.8622223999999999,0.02434327803111159,0.8644444,0.02310733276040313,0.0323808,0.03365950793163798
FBT,raisin,20,3,0.8895240000000001,0.006002325924173089,0.8533332,0.028760631959329392,0.8611112000000001,0.01756834977167749,0.0284128,0.020698825406288153
FBT,raisin,20,4,0.8828569999999999,0.006289303737298744,0.8666668,0.02721658672023371,0.86,0.0173027953955423,0.022857,0.021990001080036355
FBT,raisin,20,5,0.8885714,0.011357562251645397,0.8533334,0.025337482605815417,0.861111,0.023570284968578565,0.027460399999999996,0.028503043649757826
FBT,raisin,40,3,0.8895236000000001,0.004138811520231408,0.8511110000000001,0.025579964190748993,0.861111,0.019245177369928326,0.0284126,0.022011254514452374
FBT,raisin,40,4,0.8930158,0.003822853345343018,0.8622222,0.025579899036157313,0.8577776,0.021372578197306966,0.0352382,0.023108700303132584
FBT,raisin,40,5,0.885397,0.01879481174420215,0.8466668,0.024088581386208664,0.8555556,0.01883983827690672,0.029841399999999997,0.037007785320118794
FBT,raisin,60,3,0.8907936,0.005429164558198616,0.8666666,0.04082489708866394,0.8555556,0.015214637205664799,0.035238000000000005,0.019718562789919552
FBT,raisin,60,4,0.8882538,0.01524989531767347,0.8422221999999999,0.028760535377492513,0.8555554000000001,0.026643346285705197,0.0326984,0.027437770450603305
FBT,raisin,60,5,0.8879366000000001,0.014617136357713844,0.8466668,0.0287606319593294,0.85,0.015214545918298034,0.0379366,0.02939422125690694
FBT,raisin,80,3,0.894603,0.01345001009293303,0.8466666,0.02652763060094135,0.8588889999999999,0.019084162203251168,0.035714,0.025668533791395255
FBT,raisin,80,4,0.8933334,0.013992138767893934,0.8577778,0.025337460679791885,0.8522221999999999,0.018257616375091285,0.0411112,0.015229354441341235
FBT,raisin,80,5,0.8990476,0.01636528659388524,0.8444444000000001,0.01756850788484895,0.8555558,0.018839838274252715,0.043491800000000004,0.028732859694085445
FBT,raisin,100,3,0.8939682,0.01515839624432613,0.8511110000000001,0.03478339500393829,0.8544444,0.032010871033135005,0.0395238,0.04105690153555185
FBT,raisin,100,4,0.8961904,0.009629130869398308,0.8622222,0.018592737203004864,0.8533332,0.016942391498840997,0.0428572,0.01611949543875366
FBT,raisin,100,5,0.8936508,0.015592906246110746,0.8577778,0.030832260243128448,0.8477776,0.015516078879665426,0.045873199999999996,0.023640060769803448
ShapeFBT,bidding,10,3,0.973011,0.0070865245007690906,0.9737342,0.00648538053625229,0.9713834,0.008184634066346494,0.0016275999999999999,0.006426391779217946
ShapeFBT,bidding,10,4,0.9761754,0.007339276313097947,0.9772152000000001,0.00577058729246859,0.9742293999999999,0.008724574132873206,0.0019459999999999998,0.005632311426048812
ShapeFBT,bidding,10,5,0.9777125999999999,0.00811306639317098,0.9781644,0.006842277420566935,0.9759684,0.009380054200269834,0.0017442,0.005669613099674439
ShapeFBT,bidding,20,3,0.9734176,0.007143934266214962,0.9746836,0.006329125002715629,0.9710672,0.008706340976552639,0.0023504,0.0065446819097646
ShapeFBT,bidding,20,4,0.9759944,0.007853814888320241,0.9762660000000001,0.0071640243927557495,0.973597,0.00981950609755906,0.0023974,0.005671281848048112
ShapeFBT,bidding,20,5,0.9797922,0.010594426067513056,0.9800634,0.009467384924043141,0.9764428,0.012479217591660093,0.0033493999999999998,0.003964415442407619
ShapeFBT,bidding,40,3,0.9737794000000001,0.007089032324654739,0.9753164,0.006768657274526463,0.972016,0.008813353618231788,0.0017633999999999996,0.006388814702274593
ShapeFBT,bidding,40,4,0.9796564,0.010676948524742491,0.9800634,0.009467384924043141,0.9762843999999999,0.012118298614079407,0.003372,0.003971569777808266
ShapeFBT,bidding,40,5,0.9790688,0.01059561525820941,0.9787974,0.011222102712949995,0.9777074000000001,0.012187762337689343,0.0013614,0.0036946975924965764
ShapeFBT,bidding,60,3,0.9798372000000001,0.010841236654551905,0.981329,0.009253469754637936,0.976759,0.013020449012994881,0.0030782,0.0038672823403522014
ShapeFBT,bidding,60,4,0.9798826,0.010755207450347047,0.9803796,0.009533409872653085,0.9783398,0.012126079918918507,0.0015428,0.003171010990204859
ShapeFBT,bidding,60,5,0.9752714000000001,0.015205862596380355,0.9759494,0.014901952700904693,0.9739131999999999,0.014251288106694033,0.0013582,0.0052041585967378045
ShapeFBT,bidding,80,3,0.9795210000000001,0.0105835764040328,0.9797468,0.009320976139868584,0.9780238000000001,0.013054022069844956,0.0014972000000000002,0.004082097524557687
ShapeFBT,bidding,80,4,0.9793854,0.010526458773015737,0.9800632,0.011109778089592966,0.9778658,0.012310119727281242,0.0015195999999999999,0.0044272734611722365
ShapeFBT,bidding,80,5,0.976718,0.014544797970408533,0.9768988000000001,0.01293221112957871,0.9740712,0.014244687192072685,0.0026468,0.002722624873169273
ShapeFBT,bidding,100,3,0.979747,0.01041326516996467,0.9800632,0.009401207645829305,0.9788142000000001,0.01188908460311385,0.0009327999999999999,0.0032227151130684822
ShapeFBT,bidding,100,4,0.9802441999999999,0.01044998931578398,0.9784808,0.01110994899628254,0.976917,0.011596575852379856,0.0033272,0.0036104018751380025
ShapeFBT,bidding,100,5,0.9755426,0.015881894165999215,0.9746834,0.01594116130650465,0.9732806,0.016020334618852338,0.002262,0.0035822693226500993
ShapeFBT,magic,10,3,0.7948522,0.0016465648180378372,0.785789,0.002828217283024738,0.789387,0.008746427413521477,0.0054652,0.0094624744226867
ShapeFBT,magic,10,4,0.8035674,0.0063837527990986374,0.7904262,0.006550040969337521,0.798281,0.010672971540297534,0.005286399999999999,0.009488300074302035
ShapeFBT,magic,10,5,0.8047205999999999,0.011373337342222834,0.7884816,0.013508941679495122,0.7964127999999999,0.017955503674361245,0.0083078,0.012149313157541048
ShapeFBT,magic,20,3,0.793421,0.0032478177288758387,0.7850412,0.00328557250718959,0.7863974,0.009660766677650373,0.0070236000000000005,0.01038781985307793
ShapeFBT,magic,20,4,0.809655,0.006520890928393122,0.7919224,0.009540052505096612,0.8033632,0.0074756713210253,0.0062918,0.010718969362769911
ShapeFBT,magic,20,5,0.8066503333333334,0.005986102432579441,0.7853403333333334,0.009780222151532859,0.79148,0.009160727700352192,0.015170333333333334,0.01347969043907661
ShapeFBT,magic,40,3,0.8060022,0.00895502030706795,0.7941662,0.01477433544021526,0.8026160000000001,0.010915405787234832,0.0033862000000000002,0.012002677022231333
ShapeFBT,magic,40,4,0.8107874,0.0033319319170715396,0.798205,0.010984815155477145,0.8014202000000001,0.006796526554056831,0.009367200000000001,0.008414787858288527
ShapeFBT,magic,60,3,0.8080102,0.005763646692849946,0.799252,0.004475156645303074,0.8019432,0.01014491299617698,0.006067,0.007809674897202828
ShapeFBT,magic,60,4,0.813922,0.005837339862186104,0.80011225,0.011560904416033684,0.80502625,0.006036552292768802,0.008895750000000001,0.0017240054862635054
ShapeFBT,magic,80,3,0.8138413999999999,0.004629056037682009,0.7998504000000001,0.009513832681942707,0.8029896000000001,0.011546252500270393,0.010851799999999998,0.008125341635894458
ShapeFBT,magic,80,4,0.8109045,0.0006795296167202648,0.7853405,0.010577610339769524,0.792414,0.007134707422172334,0.0184905,0.007814237038892535
ShapeFBT,magic,80,5,0.795151,,0.786088,,0.786622,,0.008529,
ShapeFBT,magic,100,3,0.8095053999999999,0.0073690134889278225,0.793867,0.00661840834340099,0.8007474,0.01567595355313352,0.008758,0.010692100986242134
ShapeFBT,magic,100,4,0.8023426666666666,0.0042186763721969965,0.7928196666666666,0.004670698056322318,0.789736,0.009125289639238848,0.012606666666666667,0.006107893772269893
ShapeFBT,raisin,10,3,0.8885714,0.005429456906542307,0.8444444000000001,0.011111500002249917,0.8622222,0.02304076634359195,0.0263492,0.02831929918271284
ShapeFBT,raisin,10,4,0.8996826,0.006388918280898542,0.8533332,0.018257753303733724,0.8566668,0.025579812161155516,0.04301580000000001,0.02733478551589531
ShapeFBT,raisin,10,5,0.9047620000000001,0.007694969785515707,0.8511112000000001,0.028974441697813578,0.86,0.022013036262633127,0.044762,0.02565991447764392
ShapeFBT,raisin,20,3,0.8898412,0.007411169759221569,0.8533334,0.019876464154874218,0.86,0.018592453334619414,0.029841200000000002,0.02396515172495263
ShapeFBT,raisin,20,4,0.9050794,0.01173959540614577,0.8466666,0.016480714511209735,0.861111,0.02041248256582233,0.0439684,0.028772546190770118
ShapeFBT,raisin,20,5,0.9047620000000001,0.010588821558606038,0.8511112000000001,0.025579899036157223,0.8544446000000001,0.03027643931838749,0.0503174,0.03400962921438574
ShapeFBT,raisin,40,3,0.8923808000000001,0.00686387603326282,0.8577778,0.02137287712733126,0.8611112000000001,0.02389510901209698,0.031269599999999995,0.029410724010129365
ShapeFBT,raisin,40,4,0.9022222,0.01068339745586584,0.8444445999999999,0.035136541424847165,0.857778,0.027943886674906188,0.0444442,0.037842325558823685
ShapeFBT,raisin,40,5,0.9050794,0.013011968444474508,0.8622222,0.04687790550675232,0.8544444,0.025879490427749924,0.050635000000000006,0.03253680591268909
ShapeFBT,raisin,60,3,0.8968254,0.006827456319889535,0.8666668,0.026058031155480648,0.8533332,0.0198760868180837,0.0434922,0.024231789599614802
ShapeFBT,raisin,60,4,0.9041271999999999,0.01196277094572992,0.86,0.020184656809071565,0.8611112000000001,0.017123119888034468,0.043016,0.02647356066909021
ShapeFBT,raisin,60,5,0.9187301999999999,0.008503598161954713,0.8555558,0.036004140709090665,0.8533334,0.017829778119763585,0.0653968,0.024115659180291966
ShapeFBT,raisin,80,3,0.8987301999999999,0.0030530713552093833,0.8555558,0.032394281998525586,0.8611112000000001,0.020787178505030465,0.037619,0.020799384438006812
ShapeFBT,raisin,80,4,0.915873,0.008620997187100845,0.8511112000000001,0.032011018551430015,0.8599998,0.021659416167108494,0.0558732,0.023122105250171318
ShapeFBT,raisin,80,5,0.9184128000000001,0.004288689158705721,0.8666668,0.03767960282699382,0.8533332,0.017829746961188227,0.0650796,0.01890683455261615
ShapeFBT,raisin,100,3,0.9047618,0.007009304366340542,0.8488887999999999,0.018592737203004785,0.86,0.018172713913997576,0.044761800000000004,0.024037286300662142
ShapeFBT,raisin,100,4,0.9215874,0.009950627934959665,0.8533334,0.024088489134854455,0.8533336,0.02026069143193289,0.0682538,0.028970809303504107
ShapeFBT,raisin,100,5,0.9333334000000001,0.008015442395775816,0.8399998,0.01685106144134545,0.85,0.022906398374689916,0.0833334,0.016342588818788775
