model,dataset,trial_id,fold,n_estimators,max_depth,train_acc,val_acc,test_acc,generalization_gap,elapsed_time,source_file
FBT,bidding,0,0,80,5,0.963156,0.968354,0.960474,0.002682,7.805923,fbt_capability_bidding_n80_d5_trial_0_fold_0.json
FBT,bidding,0,0,80,4,0.963382,0.968354,0.961265,0.002117,8.06411,fbt_capability_bidding_n80_d4_trial_0_fold_0.json
FBT,bidding,0,0,80,3,0.963608,0.968354,0.961265,0.002343,5.825448,fbt_capability_bidding_n80_d3_trial_0_fold_0.json
FBT,bidding,0,0,40,3,0.962251,0.96519,0.958103,0.004148,2.781756,fbt_capability_bidding_n40_d3_trial_0_fold_0.json
FBT,bidding,0,0,40,4,0.962703,0.968354,0.960474,0.002229,3.727098,fbt_capability_bidding_n40_d4_trial_0_fold_0.json
FBT,bidding,0,0,40,5,0.963156,0.968354,0.960474,0.002682,4.353215,fbt_capability_bidding_n40_d5_trial_0_fold_0.json
FBT,bidding,0,0,60,3,0.962477,0.968354,0.958103,0.004374,3.904915,fbt_capability_bidding_n60_d3_trial_0_fold_0.json
FBT,bidding,0,0,100,4,0.96406,0.968354,0.961265,0.002795,8.832546,fbt_capability_bidding_n100_d4_trial_0_fold_0.json
FBT,bidding,0,0,20,4,0.962251,0.96519,0.958103,0.004148,1.952044,fbt_capability_bidding_n20_d4_trial_0_fold_0.json
FBT,bidding,0,0,20,5,0.963382,0.968354,0.960474,0.002908,2.448863,fbt_capability_bidding_n20_d5_trial_0_fold_0.json
FBT,bidding,0,0,100,5,0.963156,0.968354,0.960474,0.002682,9.052127,fbt_capability_bidding_n100_d5_trial_0_fold_0.json
FBT,bidding,0,0,100,3,0.96406,0.968354,0.961265,0.002795,6.628095,fbt_capability_bidding_n100_d3_trial_0_fold_0.json
FBT,bidding,0,0,20,3,0.962251,0.96519,0.958103,0.004148,1.441068,fbt_capability_bidding_n20_d3_trial_0_fold_0.json
FBT,bidding,0,0,60,5,0.963156,0.968354,0.960474,0.002682,6.05596,fbt_capability_bidding_n60_d5_trial_0_fold_0.json
FBT,bidding,0,0,60,4,0.963156,0.968354,0.960474,0.002682,5.629041,fbt_capability_bidding_n60_d4_trial_0_fold_0.json
FBT,bidding,0,0,10,3,0.962251,0.96519,0.958103,0.004148,0.913334,fbt_capability_bidding_n10_d3_trial_0_fold_0.json
FBT,bidding,0,0,10,4,0.963156,0.968354,0.960474,0.002682,1.250602,fbt_capability_bidding_n10_d4_trial_0_fold_0.json
FBT,bidding,0,0,10,5,0.963382,0.968354,0.961265,0.002117,1.459828,fbt_capability_bidding_n10_d5_trial_0_fold_0.json
FBT,bidding,0,1,80,3,0.992993,0.992089,0.994466,-0.001473,5.486203,fbt_capability_bidding_n80_d3_trial_0_fold_1.json
FBT,bidding,0,1,80,4,0.992767,0.995253,0.995257,-0.00249,8.353785,fbt_capability_bidding_n80_d4_trial_0_fold_1.json
FBT,bidding,0,1,80,5,0.992767,0.993671,0.995257,-0.00249,7.815015,fbt_capability_bidding_n80_d5_trial_0_fold_1.json
FBT,bidding,0,1,40,5,0.993897,0.995253,0.996838,-0.002941,4.176765,fbt_capability_bidding_n40_d5_trial_0_fold_1.json
FBT,bidding,0,1,40,4,0.992315,0.992089,0.995257,-0.002942,3.914575,fbt_capability_bidding_n40_d4_trial_0_fold_1.json
FBT,bidding,0,1,40,3,0.97491,0.977848,0.982609,-0.007699,2.638284,fbt_capability_bidding_n40_d3_trial_0_fold_1.json
FBT,bidding,0,1,60,4,0.993219,0.992089,0.995257,-0.002038,5.454155,fbt_capability_bidding_n60_d4_trial_0_fold_1.json
FBT,bidding,0,1,60,5,0.992993,0.992089,0.995257,-0.002264,6.366483,fbt_capability_bidding_n60_d5_trial_0_fold_1.json
FBT,bidding,0,1,20,3,0.970841,0.971519,0.980237,-0.009396,1.532032,fbt_capability_bidding_n20_d3_trial_0_fold_1.json
FBT,bidding,0,1,100,3,0.992993,0.992089,0.994466,-0.001473,6.8525,fbt_capability_bidding_n100_d3_trial_0_fold_1.json
FBT,bidding,0,1,100,5,0.992767,0.993671,0.995257,-0.00249,9.897227,fbt_capability_bidding_n100_d5_trial_0_fold_1.json
FBT,bidding,0,1,20,5,0.992541,0.990506,0.994466,-0.001925,2.608646,fbt_capability_bidding_n20_d5_trial_0_fold_1.json
FBT,bidding,0,1,20,4,0.978526,0.982595,0.986561,-0.008035,2.030716,fbt_capability_bidding_n20_d4_trial_0_fold_1.json
FBT,bidding,0,1,100,4,0.992993,0.993671,0.995257,-0.002264,10.063395,fbt_capability_bidding_n100_d4_trial_0_fold_1.json
FBT,bidding,0,1,60,3,0.981691,0.981013,0.988142,-0.006451,4.099999,fbt_capability_bidding_n60_d3_trial_0_fold_1.json
FBT,bidding,0,1,10,5,0.979656,0.981013,0.986561,-0.006905,1.664695,fbt_capability_bidding_n10_d5_trial_0_fold_1.json
FBT,bidding,0,1,10,4,0.979204,0.97943,0.986561,-0.007357,1.299549,fbt_capability_bidding_n10_d4_trial_0_fold_1.json
FBT,bidding,0,1,10,3,0.970841,0.971519,0.980237,-0.009396,1.015414,fbt_capability_bidding_n10_d3_trial_0_fold_1.json
FBT,bidding,0,2,10,3,0.981239,0.981013,0.973913,0.007326,2.022413,fbt_capability_bidding_n10_d3_trial_0_fold_2.json
FBT,bidding,0,2,10,5,0.982595,0.982595,0.973913,0.008682,1.243849,fbt_capability_bidding_n10_d5_trial_0_fold_2.json
FBT,bidding,0,2,10,4,0.981691,0.981013,0.973123,0.008568,1.165931,fbt_capability_bidding_n10_d4_trial_0_fold_2.json
FBT,bidding,0,2,60,3,0.983047,0.984177,0.974704,0.008343,4.424186,fbt_capability_bidding_n60_d3_trial_0_fold_2.json
FBT,bidding,0,2,100,5,0.958409,0.958861,0.95415,0.004259,9.792967,fbt_capability_bidding_n100_d5_trial_0_fold_2.json
FBT,bidding,0,2,20,5,0.981691,0.981013,0.973123,0.008568,2.237252,fbt_capability_bidding_n20_d5_trial_0_fold_2.json
FBT,bidding,0,2,20,4,0.981691,0.981013,0.973123,0.008568,1.969368,fbt_capability_bidding_n20_d4_trial_0_fold_2.json
FBT,bidding,0,2,100,4,0.978526,0.984177,0.982609,-0.004083,9.990399,fbt_capability_bidding_n100_d4_trial_0_fold_2.json
FBT,bidding,0,2,20,3,0.974231,0.973101,0.967589,0.006642,1.628952,fbt_capability_bidding_n20_d3_trial_0_fold_2.json
FBT,bidding,0,2,100,3,0.978526,0.984177,0.982609,-0.004083,8.120773,fbt_capability_bidding_n100_d3_trial_0_fold_2.json
FBT,bidding,0,2,60,4,0.978752,0.984177,0.981818,-0.003066,5.669945,fbt_capability_bidding_n60_d4_trial_0_fold_2.json
FBT,bidding,0,2,60,5,0.955922,0.952532,0.956522,-0.0006,6.682918,fbt_capability_bidding_n60_d5_trial_0_fold_2.json
FBT,bidding,0,2,40,3,0.981691,0.981013,0.973123,0.008568,2.961702,fbt_capability_bidding_n40_d3_trial_0_fold_2.json
FBT,bidding,0,2,40,5,0.977622,0.981013,0.981028,-0.003406,4.171785,fbt_capability_bidding_n40_d5_trial_0_fold_2.json
FBT,bidding,0,2,40,4,0.97943,0.982595,0.978656,0.000774,3.623809,fbt_capability_bidding_n40_d4_trial_0_fold_2.json
FBT,bidding,0,2,80,4,0.978074,0.982595,0.981818,-0.003744,9.024735,fbt_capability_bidding_n80_d4_trial_0_fold_2.json
FBT,bidding,0,2,80,5,0.955018,0.957278,0.951779,0.003239,8.315092,fbt_capability_bidding_n80_d5_trial_0_fold_2.json
FBT,bidding,0,2,80,3,0.983273,0.981013,0.977866,0.005407,5.999569,fbt_capability_bidding_n80_d3_trial_0_fold_2.json
FBT,bidding,0,3,10,4,0.981691,0.976266,0.978656,0.003035,1.224931,fbt_capability_bidding_n10_d4_trial_0_fold_3.json
FBT,bidding,0,3,10,5,0.982821,0.976266,0.978656,0.004165,1.485911,fbt_capability_bidding_n10_d5_trial_0_fold_3.json
FBT,bidding,0,3,10,3,0.981239,0.976266,0.978656,0.002583,1.074309,fbt_capability_bidding_n10_d3_trial_0_fold_3.json
FBT,bidding,0,3,60,5,0.982821,0.969937,0.977075,0.005746,7.183603,fbt_capability_bidding_n60_d5_trial_0_fold_3.json
FBT,bidding,0,3,60,4,0.982821,0.976266,0.978656,0.004165,5.823712,fbt_capability_bidding_n60_d4_trial_0_fold_3.json
FBT,bidding,0,3,100,3,0.982143,0.973101,0.979447,0.002696,7.628146,fbt_capability_bidding_n100_d3_trial_0_fold_3.json
FBT,bidding,0,3,20,3,0.973553,0.968354,0.973913,-0.00036,1.7342,fbt_capability_bidding_n20_d3_trial_0_fold_3.json
FBT,bidding,0,3,100,4,0.981917,0.96519,0.977866,0.004051,9.804389,fbt_capability_bidding_n100_d4_trial_0_fold_3.json
FBT,bidding,0,3,20,4,0.981691,0.976266,0.978656,0.003035,2.107867,fbt_capability_bidding_n20_d4_trial_0_fold_3.json
FBT,bidding,0,3,20,5,0.983273,0.976266,0.980237,0.003036,2.865333,fbt_capability_bidding_n20_d5_trial_0_fold_3.json
FBT,bidding,0,3,100,5,0.982595,0.968354,0.980237,0.002358,10.40617,fbt_capability_bidding_n100_d5_trial_0_fold_3.json
FBT,bidding,0,3,60,3,0.982595,0.977848,0.980237,0.002358,4.127882,fbt_capability_bidding_n60_d3_trial_0_fold_3.json
FBT,bidding,0,3,40,4,0.981465,0.976266,0.977866,0.003599,4.001157,fbt_capability_bidding_n40_d4_trial_0_fold_3.json
FBT,bidding,0,3,40,5,0.981239,0.968354,0.973913,0.007326,4.963642,fbt_capability_bidding_n40_d5_trial_0_fold_3.json
FBT,bidding,0,3,40,3,0.973553,0.968354,0.973913,-0.00036,2.855565,fbt_capability_bidding_n40_d3_trial_0_fold_3.json
FBT,bidding,0,3,80,3,0.982369,0.973101,0.980237,0.002132,5.867632,fbt_capability_bidding_n80_d3_trial_0_fold_3.json
FBT,bidding,0,3,80,5,0.982595,0.968354,0.980237,0.002358,9.32621,fbt_capability_bidding_n80_d5_trial_0_fold_3.json
FBT,bidding,0,3,80,4,0.981917,0.968354,0.977075,0.004842,9.361624,fbt_capability_bidding_n80_d4_trial_0_fold_3.json
FBT,bidding,0,4,100,5,0.984177,0.987342,0.978656,0.005521,10.591743,fbt_capability_bidding_n100_d5_trial_0_fold_4.json
FBT,bidding,0,4,20,5,0.978752,0.982595,0.975494,0.003258,2.194302,fbt_capability_bidding_n20_d5_trial_0_fold_4.json
FBT,bidding,0,4,20,4,0.97604,0.97943,0.972332,0.003708,1.881236,fbt_capability_bidding_n20_d4_trial_0_fold_4.json
FBT,bidding,0,4,100,4,0.983047,0.985759,0.976285,0.006762,8.864381,fbt_capability_bidding_n100_d4_trial_0_fold_4.json
FBT,bidding,0,4,60,3,0.980335,0.982595,0.976285,0.00405,4.047992,fbt_capability_bidding_n60_d3_trial_0_fold_4.json
FBT,bidding,0,4,60,4,0.980561,0.984177,0.977075,0.003486,5.089323,fbt_capability_bidding_n60_d4_trial_0_fold_4.json
FBT,bidding,0,4,60,5,0.982369,0.985759,0.973123,0.009246,5.930375,fbt_capability_bidding_n60_d5_trial_0_fold_4.json
FBT,bidding,0,4,20,3,0.974458,0.97943,0.970751,0.003707,1.38236,fbt_capability_bidding_n20_d3_trial_0_fold_4.json
FBT,bidding,0,4,100,3,0.980561,0.984177,0.976285,0.004276,6.748055,fbt_capability_bidding_n100_d3_trial_0_fold_4.json
FBT,bidding,0,4,10,3,0.973327,0.977848,0.968379,0.004948,0.908196,fbt_capability_bidding_n10_d3_trial_0_fold_4.json
FBT,bidding,0,4,10,5,0.980787,0.985759,0.978656,0.002131,1.254236,fbt_capability_bidding_n10_d5_trial_0_fold_4.json
FBT,bidding,0,4,10,4,0.978978,0.982595,0.975494,0.003484,1.154586,fbt_capability_bidding_n10_d4_trial_0_fold_4.json
FBT,bidding,0,4,80,4,0.980561,0.984177,0.976285,0.004276,7.563539,fbt_capability_bidding_n80_d4_trial_0_fold_4.json
FBT,bidding,0,4,80,5,0.983047,0.987342,0.976285,0.006762,10.852302,fbt_capability_bidding_n80_d5_trial_0_fold_4.json
FBT,bidding,0,4,80,3,0.980561,0.984177,0.977075,0.003486,5.407777,fbt_capability_bidding_n80_d3_trial_0_fold_4.json
FBT,bidding,0,4,40,3,0.974458,0.97943,0.970751,0.003707,2.453919,fbt_capability_bidding_n40_d3_trial_0_fold_4.json
FBT,bidding,0,4,40,5,0.979656,0.982595,0.977075,0.002581,4.363351,fbt_capability_bidding_n40_d5_trial_0_fold_4.json
FBT,bidding,0,4,40,4,0.97717,0.981013,0.973123,0.004047,3.337831,fbt_capability_bidding_n40_d4_trial_0_fold_4.json
FBT,magic,0,0,10,3,0.793976,0.789828,0.78438,0.009596,2.279099,fbt_capability_magic_n10_d3_trial_0_fold_0.json
FBT,magic,0,0,10,5,0.791093,0.793568,0.779148,0.011945,7.761008,fbt_capability_magic_n10_d5_trial_0_fold_0.json
FBT,magic,0,0,10,4,0.796112,0.782349,0.784753,0.011359,4.223665,fbt_capability_magic_n10_d4_trial_0_fold_0.json
FBT,magic,0,0,60,3,0.811385,0.797307,0.799327,0.012058,23.278795,fbt_capability_magic_n60_d3_trial_0_fold_0.json
FBT,magic,0,0,20,5,0.809997,0.795812,0.794469,0.015528,25.162323,fbt_capability_magic_n20_d5_trial_0_fold_0.json
FBT,magic,0,0,20,4,0.801346,0.783844,0.78849,0.012856,14.273869,fbt_capability_magic_n20_d4_trial_0_fold_0.json
FBT,magic,0,0,20,3,0.796006,0.786836,0.784753,0.011253,5.369778,fbt_capability_magic_n20_d3_trial_0_fold_0.json
FBT,magic,0,0,60,4,0.797501,0.786088,0.785501,0.012,49.573434,fbt_capability_magic_n60_d4_trial_0_fold_0.json
FBT,magic,0,0,60,5,0.810317,0.789828,0.789611,0.020706,88.540605,fbt_capability_magic_n60_d5_trial_0_fold_0.json
FBT,magic,0,0,40,3,0.808929,0.804039,0.798206,0.010723,14.819971,fbt_capability_magic_n40_d3_trial_0_fold_0.json
FBT,magic,0,0,100,3,0.810638,0.79282,0.800448,0.01019,39.890455,fbt_capability_magic_n100_d3_trial_0_fold_0.json
FBT,magic,0,0,100,5,0.800705,0.803291,0.789238,0.011467,132.68403,fbt_capability_magic_n100_d5_trial_0_fold_0.json
FBT,magic,0,0,40,5,0.789918,0.780105,0.77429,0.015628,58.982417,fbt_capability_magic_n40_d5_trial_0_fold_0.json
FBT,magic,0,0,40,4,0.814803,0.806283,0.804933,0.00987,33.563482,fbt_capability_magic_n40_d4_trial_0_fold_0.json
FBT,magic,0,0,100,4,0.815017,0.796559,0.80157,0.013447,68.061925,fbt_capability_magic_n100_d4_trial_0_fold_0.json
FBT,magic,0,0,80,4,0.802093,0.78534,0.78849,0.013603,68.304481,fbt_capability_magic_n80_d4_trial_0_fold_0.json
FBT,magic,0,0,80,5,0.798782,0.79282,0.784753,0.014029,105.681692,fbt_capability_magic_n80_d5_trial_0_fold_0.json
FBT,magic,0,0,80,3,0.815764,0.803291,0.809043,0.006721,34.453118,fbt_capability_magic_n80_d3_trial_0_fold_0.json
FBT,magic,0,1,10,4,0.807327,0.805535,0.78849,0.018837,4.792256,fbt_capability_magic_n10_d4_trial_0_fold_1.json
FBT,magic,0,1,10,5,0.801559,0.796559,0.780643,0.020916,12.05311,fbt_capability_magic_n10_d5_trial_0_fold_1.json
FBT,magic,0,1,10,3,0.795472,0.786836,0.777653,0.017819,2.38607,fbt_capability_magic_n10_d3_trial_0_fold_1.json
FBT,magic,0,1,60,5,0.803802,0.772625,0.786622,0.01718,96.956853,fbt_capability_magic_n60_d5_trial_0_fold_1.json
FBT,magic,0,1,60,4,0.804016,0.770381,0.787743,0.016273,58.03163,fbt_capability_magic_n60_d4_trial_0_fold_1.json
FBT,magic,0,1,20,3,0.794404,0.778609,0.775037,0.019367,5.568573,fbt_capability_magic_n20_d3_trial_0_fold_1.json
FBT,magic,0,1,20,4,0.787461,0.780853,0.773543,0.013918,14.691199,fbt_capability_magic_n20_d4_trial_0_fold_1.json
FBT,magic,0,1,20,5,0.755741,0.740464,0.737294,0.018447,31.686553,fbt_capability_magic_n20_d5_trial_0_fold_1.json
FBT,magic,0,1,60,3,0.811599,0.798055,0.793348,0.018251,28.688235,fbt_capability_magic_n60_d3_trial_0_fold_1.json
FBT,magic,0,1,40,4,0.796326,0.780853,0.775411,0.020915,32.955031,fbt_capability_magic_n40_d4_trial_0_fold_1.json
FBT,magic,0,1,100,4,0.816725,0.788332,0.793348,0.023377,84.278112,fbt_capability_magic_n100_d4_trial_0_fold_1.json
FBT,magic,0,1,100,5,0.808929,0.773373,0.787743,0.021186,117.238214,fbt_capability_magic_n100_d5_trial_0_fold_1.json
FBT,magic,0,1,40,5,0.802948,0.770381,0.783632,0.019316,64.265256,fbt_capability_magic_n40_d5_trial_0_fold_1.json
FBT,magic,0,1,40,3,0.812346,0.793568,0.792227,0.020119,15.447178,fbt_capability_magic_n40_d3_trial_0_fold_1.json
FBT,magic,0,1,100,3,0.813521,0.783096,0.796712,0.016809,39.336707,fbt_capability_magic_n100_d3_trial_0_fold_1.json
FBT,magic,0,1,80,3,0.811278,0.794316,0.792227,0.019051,40.847631,fbt_capability_magic_n80_d3_trial_0_fold_1.json
FBT,magic,0,1,80,5,0.804336,0.774121,0.786248,0.018088,108.739444,fbt_capability_magic_n80_d5_trial_0_fold_1.json
FBT,magic,0,1,80,4,0.802734,0.768886,0.783632,0.019102,62.923711,fbt_capability_magic_n80_d4_trial_0_fold_1.json
FBT,magic,0,2,80,5,0.800919,0.792072,0.806428,-0.005509,90.848053,fbt_capability_magic_n80_d5_trial_0_fold_2.json
FBT,magic,0,2,80,4,0.796112,0.771877,0.798954,-0.002842,74.533636,fbt_capability_magic_n80_d4_trial_0_fold_2.json
FBT,magic,0,2,80,3,0.808715,0.78534,0.810912,-0.002197,36.537388,fbt_capability_magic_n80_d3_trial_0_fold_2.json
FBT,magic,0,2,40,3,0.80188,0.78534,0.805306,-0.003426,17.316945,fbt_capability_magic_n40_d3_trial_0_fold_2.json
FBT,magic,0,2,100,3,0.810424,0.780105,0.809791,0.000633,42.915675,fbt_capability_magic_n100_d3_trial_0_fold_2.json
FBT,magic,0,2,40,4,0.788636,0.768886,0.791854,-0.003218,35.930982,fbt_capability_magic_n40_d4_trial_0_fold_2.json
FBT,magic,0,2,100,4,0.802414,0.781601,0.800448,0.001966,80.024637,fbt_capability_magic_n100_d4_trial_0_fold_2.json
FBT,magic,0,2,100,5,0.798142,0.78908,0.797833,0.000309,115.529578,fbt_capability_magic_n100_d5_trial_0_fold_2.json
FBT,magic,0,2,40,5,0.783403,0.774869,0.786622,-0.003219,55.46251,fbt_capability_magic_n40_d5_trial_0_fold_2.json
FBT,magic,0,2,60,3,0.801559,0.791324,0.806054,-0.004495,27.220885,fbt_capability_magic_n60_d3_trial_0_fold_2.json
FBT,magic,0,2,20,4,0.796006,0.779357,0.803812,-0.007806,13.18783,fbt_capability_magic_n20_d4_trial_0_fold_2.json
FBT,magic,0,2,20,5,0.743779,0.745699,0.753363,-0.009584,42.558598,fbt_capability_magic_n20_d5_trial_0_fold_2.json
FBT,magic,0,2,20,3,0.808822,0.793568,0.813154,-0.004332,5.639838,fbt_capability_magic_n20_d3_trial_0_fold_2.json
FBT,magic,0,2,60,5,0.782548,0.771129,0.784753,-0.002205,84.907696,fbt_capability_magic_n60_d5_trial_0_fold_2.json
FBT,magic,0,2,60,4,0.813415,0.802543,0.806428,0.006987,51.279033,fbt_capability_magic_n60_d4_trial_0_fold_2.json
FBT,magic,0,2,10,3,0.795578,0.783844,0.803812,-0.008234,2.331954,fbt_capability_magic_n10_d3_trial_0_fold_2.json
FBT,magic,0,2,10,4,0.806259,0.783844,0.815022,-0.008763,4.460232,fbt_capability_magic_n10_d4_trial_0_fold_2.json
FBT,magic,0,2,10,5,0.789704,0.783844,0.797085,-0.007381,12.339982,fbt_capability_magic_n10_d5_trial_0_fold_2.json
FBT,magic,0,3,80,3,0.809142,0.782349,0.803812,0.00533,34.458824,fbt_capability_magic_n80_d3_trial_0_fold_3.json
FBT,magic,0,3,80,4,0.814803,0.800299,0.799327,0.015476,63.011697,fbt_capability_magic_n80_d4_trial_0_fold_3.json
FBT,magic,0,3,80,5,0.803482,0.795812,0.788864,0.014618,141.810276,fbt_capability_magic_n80_d5_trial_0_fold_3.json
FBT,magic,0,3,100,5,0.798889,0.78534,0.785501,0.013388,125.784632,fbt_capability_magic_n100_d5_trial_0_fold_3.json
FBT,magic,0,3,40,5,0.800064,0.789828,0.784006,0.016058,64.273889,fbt_capability_magic_n40_d5_trial_0_fold_3.json
FBT,magic,0,3,40,4,0.794297,0.783844,0.79148,0.002817,32.233718,fbt_capability_magic_n40_d4_trial_0_fold_3.json
FBT,magic,0,3,100,4,0.79718,0.790576,0.780643,0.016537,72.910162,fbt_capability_magic_n100_d4_trial_0_fold_3.json
FBT,magic,0,3,40,3,0.792695,0.780105,0.789985,0.00271,14.388715,fbt_capability_magic_n40_d3_trial_0_fold_3.json
FBT,magic,0,3,100,3,0.807113,0.788332,0.800075,0.007038,40.598391,fbt_capability_magic_n100_d3_trial_0_fold_3.json
FBT,magic,0,3,60,4,0.801453,0.793568,0.785874,0.015579,51.914923,fbt_capability_magic_n60_d4_trial_0_fold_3.json
FBT,magic,0,3,60,5,0.799423,0.793568,0.785127,0.014296,89.627633,fbt_capability_magic_n60_d5_trial_0_fold_3.json
FBT,magic,0,3,20,3,0.793549,0.784592,0.78438,0.009169,5.717184,fbt_capability_magic_n20_d3_trial_0_fold_3.json
FBT,magic,0,3,20,5,0.798142,0.796559,0.788864,0.009278,30.056777,fbt_capability_magic_n20_d5_trial_0_fold_3.json
FBT,magic,0,3,20,4,0.784578,0.774869,0.774664,0.009914,13.426665,fbt_capability_magic_n20_d4_trial_0_fold_3.json
FBT,magic,0,3,60,3,0.804443,0.798055,0.797085,0.007358,24.265092,fbt_capability_magic_n60_d3_trial_0_fold_3.json
FBT,magic,0,3,10,5,0.772295,0.760658,0.764948,0.007347,9.490366,fbt_capability_magic_n10_d5_trial_0_fold_3.json
FBT,magic,0,3,10,4,0.807327,0.794316,0.796712,0.010615,4.211103,fbt_capability_magic_n10_d4_trial_0_fold_3.json
FBT,magic,0,3,10,3,0.795151,0.789828,0.783632,0.011519,2.253927,fbt_capability_magic_n10_d3_trial_0_fold_3.json
FBT,magic,0,4,40,3,0.813308,0.807031,0.812033,0.001275,17.514149,fbt_capability_magic_n40_d3_trial_0_fold_4.json
FBT,magic,0,4,100,3,0.782228,0.761406,0.785127,-0.002899,47.464556,fbt_capability_magic_n100_d3_trial_0_fold_4.json
FBT,magic,0,4,40,4,0.800598,0.787584,0.792227,0.008371,32.512866,fbt_capability_magic_n40_d4_trial_0_fold_4.json
FBT,magic,0,4,100,4,0.791093,0.783844,0.788117,0.002976,84.60529,fbt_capability_magic_n100_d4_trial_0_fold_4.json
FBT,magic,0,4,100,5,0.792054,0.783096,0.797459,-0.005405,119.889113,fbt_capability_magic_n100_d5_trial_0_fold_4.json
FBT,magic,0,4,40,5,0.798462,0.781601,0.794469,0.003993,78.341513,fbt_capability_magic_n40_d5_trial_0_fold_4.json
FBT,magic,0,4,80,5,0.793976,0.782349,0.798954,-0.004978,117.052679,fbt_capability_magic_n80_d5_trial_0_fold_4.json
FBT,magic,0,4,80,4,0.79152,0.777861,0.788117,0.003403,66.206521,fbt_capability_magic_n80_d4_trial_0_fold_4.json
FBT,magic,0,4,80,3,0.784044,0.75991,0.784006,3.8e-05,36.316487,fbt_capability_magic_n80_d3_trial_0_fold_4.json
FBT,magic,0,4,10,3,0.793015,0.786836,0.793722,-0.000707,2.295764,fbt_capability_magic_n10_d3_trial_0_fold_4.json
FBT,magic,0,4,10,4,0.79953,0.793568,0.793722,0.005808,5.102253,fbt_capability_magic_n10_d4_trial_0_fold_4.json
FBT,magic,0,4,10,5,0.808608,0.78908,0.803064,0.005544,9.458537,fbt_capability_magic_n10_d5_trial_0_fold_4.json
FBT,magic,0,4,20,4,0.797821,0.789828,0.78849,0.009331,16.422196,fbt_capability_magic_n20_d4_trial_0_fold_4.json
FBT,magic,0,4,20,5,0.799316,0.787584,0.791106,0.00821,33.145219,fbt_capability_magic_n20_d5_trial_0_fold_4.json
FBT,magic,0,4,60,3,0.80722,0.799551,0.807549,-0.000329,27.183275,fbt_capability_magic_n60_d3_trial_0_fold_4.json
FBT,magic,0,4,60,5,0.792374,0.789828,0.797085,-0.004711,102.642931,fbt_capability_magic_n60_d5_trial_0_fold_4.json
FBT,magic,0,4,60,4,0.803482,0.787584,0.795964,0.007518,50.824583,fbt_capability_magic_n60_d4_trial_0_fold_4.json
FBT,magic,0,4,20,3,0.778597,0.775617,0.782511,-0.003914,6.460473,fbt_capability_magic_n20_d3_trial_0_fold_4.json
FBT,raisin,0,0,80,3,0.9,0.833333,0.833333,0.066667,4.765901,fbt_capability_raisin_n80_d3_trial_0_fold_0.json
FBT,raisin,0,0,80,5,0.877778,0.822222,0.85,0.027778,7.062824,fbt_capability_raisin_n80_d5_trial_0_fold_0.json
FBT,raisin,0,0,80,4,0.87619,0.877778,0.833333,0.042857,6.413727,fbt_capability_raisin_n80_d4_trial_0_fold_0.json
FBT,raisin,0,0,100,5,0.877778,0.877778,0.833333,0.044445,7.14065,fbt_capability_raisin_n100_d5_trial_0_fold_0.json
FBT,raisin,0,0,40,4,0.898413,0.9,0.833333,0.06508,3.572904,fbt_capability_raisin_n40_d4_trial_0_fold_0.json
FBT,raisin,0,0,40,5,0.903175,0.855556,0.844444,0.058731,5.329618,fbt_capability_raisin_n40_d5_trial_0_fold_0.json
FBT,raisin,0,0,100,4,0.884127,0.866667,0.833333,0.050794,6.241093,fbt_capability_raisin_n100_d4_trial_0_fold_0.json
FBT,raisin,0,0,40,3,0.892063,0.833333,0.844444,0.047619,2.392281,fbt_capability_raisin_n40_d3_trial_0_fold_0.json
FBT,raisin,0,0,100,3,0.896825,0.877778,0.822222,0.074603,5.26021,fbt_capability_raisin_n100_d3_trial_0_fold_0.json
FBT,raisin,0,0,20,3,0.898413,0.844444,0.855556,0.042857,0.926663,fbt_capability_raisin_n20_d3_trial_0_fold_0.json
FBT,raisin,0,0,60,5,0.895238,0.866667,0.85,0.045238,5.854101,fbt_capability_raisin_n60_d5_trial_0_fold_0.json
FBT,raisin,0,0,60,4,0.874603,0.855556,0.833333,0.04127,4.940504,fbt_capability_raisin_n60_d4_trial_0_fold_0.json
FBT,raisin,0,0,60,3,0.892063,0.911111,0.844444,0.047619,3.671618,fbt_capability_raisin_n60_d3_trial_0_fold_0.json
FBT,raisin,0,0,20,4,0.884127,0.888889,0.838889,0.045238,2.381999,fbt_capability_raisin_n20_d4_trial_0_fold_0.json
FBT,raisin,0,0,20,5,0.901587,0.877778,0.833333,0.068254,2.652216,fbt_capability_raisin_n20_d5_trial_0_fold_0.json
FBT,raisin,0,0,10,4,0.919048,0.855556,0.844444,0.074604,1.166941,fbt_capability_raisin_n10_d4_trial_0_fold_0.json
FBT,raisin,0,0,10,5,0.922222,0.866667,0.838889,0.083333,1.583313,fbt_capability_raisin_n10_d5_trial_0_fold_0.json
FBT,raisin,0,0,10,3,0.893651,0.833333,0.844444,0.049207,1.850947,fbt_capability_raisin_n10_d3_trial_0_fold_0.json
FBT,raisin,0,1,80,4,0.903175,0.855556,0.872222,0.030953,6.660969,fbt_capability_raisin_n80_d4_trial_0_fold_1.json
FBT,raisin,0,1,80,5,0.904762,0.844444,0.877778,0.026984,8.983665,fbt_capability_raisin_n80_d5_trial_0_fold_1.json
FBT,raisin,0,1,80,3,0.906349,0.855556,0.877778,0.028571,3.801528,fbt_capability_raisin_n80_d3_trial_0_fold_1.json
FBT,raisin,0,1,100,3,0.877778,0.844444,0.883333,-0.005555,4.124937,fbt_capability_raisin_n100_d3_trial_0_fold_1.json
FBT,raisin,0,1,40,3,0.892063,0.866667,0.855556,0.036507,2.179592,fbt_capability_raisin_n40_d3_trial_0_fold_1.json
FBT,raisin,0,1,100,4,0.896825,0.844444,0.861111,0.035714,6.637592,fbt_capability_raisin_n100_d4_trial_0_fold_1.json
FBT,raisin,0,1,40,5,0.87619,0.855556,0.872222,0.003968,4.68705,fbt_capability_raisin_n40_d5_trial_0_fold_1.json
FBT,raisin,0,1,40,4,0.895238,0.866667,0.883333,0.011905,3.114067,fbt_capability_raisin_n40_d4_trial_0_fold_1.json
FBT,raisin,0,1,100,5,0.904762,0.844444,0.861111,0.043651,8.157904,fbt_capability_raisin_n100_d5_trial_0_fold_1.json
FBT,raisin,0,1,20,5,0.885714,0.855556,0.866667,0.019047,3.490129,fbt_capability_raisin_n20_d5_trial_0_fold_1.json
FBT,raisin,0,1,20,4,0.874603,0.855556,0.872222,0.002381,2.19388,fbt_capability_raisin_n20_d4_trial_0_fold_1.json
FBT,raisin,0,1,60,3,0.896825,0.866667,0.855556,0.041269,3.576445,fbt_capability_raisin_n60_d3_trial_0_fold_1.json
FBT,raisin,0,1,60,4,0.87619,0.833333,0.861111,0.015079,4.075174,fbt_capability_raisin_n60_d4_trial_0_fold_1.json
FBT,raisin,0,1,60,5,0.873016,0.855556,0.861111,0.011905,6.213796,fbt_capability_raisin_n60_d5_trial_0_fold_1.json
FBT,raisin,0,1,20,3,0.887302,0.833333,0.85,0.037302,1.005876,fbt_capability_raisin_n20_d3_trial_0_fold_1.json
FBT,raisin,0,1,10,3,0.879365,0.855556,0.861111,0.018254,2.053029,fbt_capability_raisin_n10_d3_trial_0_fold_1.json
FBT,raisin,0,1,10,5,0.893651,0.855556,0.877778,0.015873,1.765618,fbt_capability_raisin_n10_d5_trial_0_fold_1.json
FBT,raisin,0,1,10,4,0.888889,0.855556,0.866667,0.022222,1.349137,fbt_capability_raisin_n10_d4_trial_0_fold_1.json
FBT,raisin,0,2,10,5,0.892063,0.833333,0.894444,-0.002381,1.922387,fbt_capability_raisin_n10_d5_trial_0_fold_2.json
FBT,raisin,0,2,10,4,0.892063,0.833333,0.894444,-0.002381,1.199172,fbt_capability_raisin_n10_d4_trial_0_fold_2.json
FBT,raisin,0,2,10,3,0.887302,0.844444,0.888889,-0.001587,1.927339,fbt_capability_raisin_n10_d3_trial_0_fold_2.json
FBT,raisin,0,2,20,3,0.887302,0.822222,0.888889,-0.001587,1.262142,fbt_capability_raisin_n20_d3_trial_0_fold_2.json
FBT,raisin,0,2,60,4,0.904762,0.8,0.894444,0.010318,4.213323,fbt_capability_raisin_n60_d4_trial_0_fold_2.json
FBT,raisin,0,2,60,5,0.888889,0.811111,0.844444,0.044445,6.555341,fbt_capability_raisin_n60_d5_trial_0_fold_2.json
FBT,raisin,0,2,60,3,0.88254,0.811111,0.877778,0.004762,2.789822,fbt_capability_raisin_n60_d3_trial_0_fold_2.json
FBT,raisin,0,2,20,5,0.895238,0.822222,0.894444,0.000794,2.913445,fbt_capability_raisin_n20_d5_trial_0_fold_2.json
FBT,raisin,0,2,20,4,0.88254,0.855556,0.877778,0.004762,2.113878,fbt_capability_raisin_n20_d4_trial_0_fold_2.json
FBT,raisin,0,2,100,4,0.9,0.844444,0.877778,0.022222,6.972572,fbt_capability_raisin_n100_d4_trial_0_fold_2.json
FBT,raisin,0,2,40,5,0.866667,0.822222,0.866667,0.0,3.436492,fbt_capability_raisin_n40_d5_trial_0_fold_2.json
FBT,raisin,0,2,40,4,0.888889,0.833333,0.872222,0.016667,2.967325,fbt_capability_raisin_n40_d4_trial_0_fold_2.json
FBT,raisin,0,2,100,5,0.880952,0.811111,0.866667,0.014285,9.753691,fbt_capability_raisin_n100_d5_trial_0_fold_2.json
FBT,raisin,0,2,100,3,0.903175,0.8,0.888889,0.014286,5.180507,fbt_capability_raisin_n100_d3_trial_0_fold_2.json
FBT,raisin,0,2,40,3,0.888889,0.833333,0.888889,0.0,1.986371,fbt_capability_raisin_n40_d3_trial_0_fold_2.json
FBT,raisin,0,2,80,3,0.880952,0.822222,0.877778,0.003174,3.669803,fbt_capability_raisin_n80_d3_trial_0_fold_2.json
FBT,raisin,0,2,80,4,0.907937,0.833333,0.866667,0.04127,7.486429,fbt_capability_raisin_n80_d4_trial_0_fold_2.json
FBT,raisin,0,2,80,5,0.898413,0.833333,0.866667,0.031746,9.098224,fbt_capability_raisin_n80_d5_trial_0_fold_2.json
FBT,raisin,0,3,10,3,0.885714,0.855556,0.866667,0.019047,1.917091,fbt_capability_raisin_n10_d3_trial_0_fold_3.json
FBT,raisin,0,3,10,4,0.884127,0.877778,0.85,0.034127,1.30861,fbt_capability_raisin_n10_d4_trial_0_fold_3.json
FBT,raisin,0,3,10,5,0.884127,0.855556,0.866667,0.01746,2.076966,fbt_capability_raisin_n10_d5_trial_0_fold_3.json
FBT,raisin,0,3,20,4,0.880952,0.9,0.866667,0.014285,2.189789,fbt_capability_raisin_n20_d4_trial_0_fold_3.json
FBT,raisin,0,3,20,5,0.871429,0.877778,0.866667,0.004762,3.601402,fbt_capability_raisin_n20_d5_trial_0_fold_3.json
FBT,raisin,0,3,60,3,0.888889,0.9,0.861111,0.027778,2.907353,fbt_capability_raisin_n60_d3_trial_0_fold_3.json
FBT,raisin,0,3,60,5,0.874603,0.877778,0.866667,0.007936,6.502408,fbt_capability_raisin_n60_d5_trial_0_fold_3.json
FBT,raisin,0,3,60,4,0.880952,0.877778,0.861111,0.019841,4.223829,fbt_capability_raisin_n60_d4_trial_0_fold_3.json
FBT,raisin,0,3,20,3,0.88254,0.888889,0.866667,0.015873,0.671636,fbt_capability_raisin_n20_d3_trial_0_fold_3.json
FBT,raisin,0,3,40,3,0.88254,0.888889,0.872222,0.010318,2.459191,fbt_capability_raisin_n40_d3_trial_0_fold_3.json
FBT,raisin,0,3,100,3,0.879365,0.888889,0.855556,0.023809,4.571736,fbt_capability_raisin_n100_d3_trial_0_fold_3.json
FBT,raisin,0,3,100,5,0.890476,0.888889,0.844444,0.046032,7.219832,fbt_capability_raisin_n100_d5_trial_0_fold_3.json
FBT,raisin,0,3,40,4,0.890476,0.866667,0.861111,0.029365,3.350772,fbt_capability_raisin_n40_d4_trial_0_fold_3.json
FBT,raisin,0,3,40,5,0.873016,0.877778,0.866667,0.006349,4.932025,fbt_capability_raisin_n40_d5_trial_0_fold_3.json
FBT,raisin,0,3,100,4,0.890476,0.888889,0.85,0.040476,6.015503,fbt_capability_raisin_n100_d4_trial_0_fold_3.json
FBT,raisin,0,3,80,5,0.892063,0.855556,0.855556,0.036507,6.714497,fbt_capability_raisin_n80_d5_trial_0_fold_3.json
FBT,raisin,0,3,80,4,0.880952,0.888889,0.855556,0.025396,5.538568,fbt_capability_raisin_n80_d4_trial_0_fold_3.json
FBT,raisin,0,3,80,3,0.879365,0.888889,0.855556,0.023809,3.469028,fbt_capability_raisin_n80_d3_trial_0_fold_3.json
FBT,raisin,0,4,60,4,0.904762,0.844444,0.827778,0.076984,4.405486,fbt_capability_raisin_n60_d4_trial_0_fold_4.json
FBT,raisin,0,4,60,5,0.907937,0.822222,0.827778,0.080159,5.379118,fbt_capability_raisin_n60_d5_trial_0_fold_4.json
FBT,raisin,0,4,20,3,0.892063,0.877778,0.844444,0.047619,0.761295,fbt_capability_raisin_n20_d3_trial_0_fold_4.json
FBT,raisin,0,4,20,5,0.888889,0.833333,0.844444,0.044445,2.932205,fbt_capability_raisin_n20_d5_trial_0_fold_4.json
FBT,raisin,0,4,20,4,0.892063,0.833333,0.844444,0.047619,2.060854,fbt_capability_raisin_n20_d4_trial_0_fold_4.json
FBT,raisin,0,4,60,3,0.893651,0.844444,0.838889,0.054762,2.954374,fbt_capability_raisin_n60_d3_trial_0_fold_4.json
FBT,raisin,0,4,10,5,0.892063,0.9,0.844444,0.047619,2.317811,fbt_capability_raisin_n10_d5_trial_0_fold_4.json
FBT,raisin,0,4,10,4,0.892063,0.888889,0.838889,0.053174,1.579086,fbt_capability_raisin_n10_d4_trial_0_fold_4.json
FBT,raisin,0,4,10,3,0.884127,0.866667,0.838889,0.045238,1.891559,fbt_capability_raisin_n10_d3_trial_0_fold_4.json
FBT,raisin,0,4,80,3,0.906349,0.833333,0.85,0.056349,4.053647,fbt_capability_raisin_n80_d3_trial_0_fold_4.json
FBT,raisin,0,4,80,4,0.898413,0.833333,0.833333,0.06508,6.390167,fbt_capability_raisin_n80_d4_trial_0_fold_4.json
FBT,raisin,0,4,80,5,0.922222,0.866667,0.827778,0.094444,7.330875,fbt_capability_raisin_n80_d5_trial_0_fold_4.json
FBT,raisin,0,4,100,4,0.909524,0.866667,0.844444,0.06508,6.580896,fbt_capability_raisin_n100_d4_trial_0_fold_4.json
FBT,raisin,0,4,40,5,0.907937,0.822222,0.827778,0.080159,4.098515,fbt_capability_raisin_n40_d5_trial_0_fold_4.json
FBT,raisin,0,4,40,4,0.892063,0.844444,0.838889,0.053174,3.09843,fbt_capability_raisin_n40_d4_trial_0_fold_4.json
FBT,raisin,0,4,100,5,0.914286,0.866667,0.833333,0.080953,7.768435,fbt_capability_raisin_n100_d5_trial_0_fold_4.json
FBT,raisin,0,4,100,3,0.912698,0.844444,0.822222,0.090476,4.595984,fbt_capability_raisin_n100_d3_trial_0_fold_4.json
FBT,raisin,0,4,40,3,0.892063,0.833333,0.844444,0.047619,2.734567,fbt_capability_raisin_n40_d3_trial_0_fold_4.json
ShapeFBT,bidding,0,0,60,5,0.963156,0.968354,0.960474,0.002682,14.468208,shapefbt_capability_bidding_n60_d5_trial_0_fold_0.json
ShapeFBT,bidding,0,0,100,5,0.963156,0.968354,0.960474,0.002682,25.530162,shapefbt_capability_bidding_n100_d5_trial_0_fold_0.json
ShapeFBT,bidding,0,0,60,4,0.963156,0.968354,0.960474,0.002682,11.369712,shapefbt_capability_bidding_n60_d4_trial_0_fold_0.json
ShapeFBT,bidding,0,0,100,4,0.96406,0.968354,0.961265,0.002795,20.964776,shapefbt_capability_bidding_n100_d4_trial_0_fold_0.json
ShapeFBT,bidding,0,0,20,3,0.962251,0.96519,0.958103,0.004148,2.021966,shapefbt_capability_bidding_n20_d3_trial_0_fold_0.json
ShapeFBT,bidding,0,0,20,4,0.962251,0.96519,0.958103,0.004148,2.476192,shapefbt_capability_bidding_n20_d4_trial_0_fold_0.json
ShapeFBT,bidding,0,0,20,5,0.963382,0.968354,0.960474,0.002908,4.106349,shapefbt_capability_bidding_n20_d5_trial_0_fold_0.json
ShapeFBT,bidding,0,0,60,3,0.962477,0.968354,0.958103,0.004374,4.988321,shapefbt_capability_bidding_n60_d3_trial_0_fold_0.json
ShapeFBT,bidding,0,0,100,3,0.96406,0.968354,0.961265,0.002795,10.421352,shapefbt_capability_bidding_n100_d3_trial_0_fold_0.json
ShapeFBT,bidding,0,0,10,4,0.963382,0.968354,0.960474,0.002908,2.004914,shapefbt_capability_bidding_n10_d4_trial_0_fold_0.json
ShapeFBT,bidding,0,0,10,5,0.963382,0.968354,0.961265,0.002117,2.228126,shapefbt_capability_bidding_n10_d5_trial_0_fold_0.json
ShapeFBT,bidding,0,0,10,3,0.962251,0.96519,0.958103,0.004148,1.237678,shapefbt_capability_bidding_n10_d3_trial_0_fold_0.json
ShapeFBT,bidding,0,0,80,3,0.963608,0.968354,0.958103,0.005505,12.127373,shapefbt_capability_bidding_n80_d3_trial_0_fold_0.json
ShapeFBT,bidding,0,0,80,5,0.963156,0.968354,0.960474,0.002682,27.726191,shapefbt_capability_bidding_n80_d5_trial_0_fold_0.json
ShapeFBT,bidding,0,0,80,4,0.963382,0.968354,0.961265,0.002117,15.372064,shapefbt_capability_bidding_n80_d4_trial_0_fold_0.json
ShapeFBT,bidding,0,0,40,4,0.962703,0.968354,0.960474,0.002229,6.706622,shapefbt_capability_bidding_n40_d4_trial_0_fold_0.json
ShapeFBT,bidding,0,0,40,5,0.963156,0.968354,0.960474,0.002682,6.391199,shapefbt_capability_bidding_n40_d5_trial_0_fold_0.json
ShapeFBT,bidding,0,0,40,3,0.962477,0.96519,0.958103,0.004374,3.244472,shapefbt_capability_bidding_n40_d3_trial_0_fold_0.json
ShapeFBT,bidding,0,1,100,3,0.992993,0.992089,0.994466,-0.001473,10.92958,shapefbt_capability_bidding_n100_d3_trial_0_fold_1.json
ShapeFBT,bidding,0,1,60,3,0.992089,0.993671,0.994466,-0.002377,6.136405,shapefbt_capability_bidding_n60_d3_trial_0_fold_1.json
ShapeFBT,bidding,0,1,20,5,0.992767,0.993671,0.995257,-0.00249,4.506253,shapefbt_capability_bidding_n20_d5_trial_0_fold_1.json
ShapeFBT,bidding,0,1,20,4,0.97717,0.982595,0.98419,-0.00702,4.328061,shapefbt_capability_bidding_n20_d4_trial_0_fold_1.json
ShapeFBT,bidding,0,1,20,3,0.973101,0.977848,0.981818,-0.008717,2.25292,shapefbt_capability_bidding_n20_d3_trial_0_fold_1.json
ShapeFBT,bidding,0,1,100,4,0.992993,0.993671,0.993676,-0.000683,21.389633,shapefbt_capability_bidding_n100_d4_trial_0_fold_1.json
ShapeFBT,bidding,0,1,60,4,0.992993,0.992089,0.994466,-0.001473,9.886228,shapefbt_capability_bidding_n60_d4_trial_0_fold_1.json
ShapeFBT,bidding,0,1,100,5,0.992767,0.995253,0.995257,-0.00249,22.305145,shapefbt_capability_bidding_n100_d5_trial_0_fold_1.json
ShapeFBT,bidding,0,1,60,5,0.992767,0.995253,0.995257,-0.00249,13.110414,shapefbt_capability_bidding_n60_d5_trial_0_fold_1.json
ShapeFBT,bidding,0,1,10,3,0.970841,0.971519,0.980237,-0.009396,1.412879,shapefbt_capability_bidding_n10_d3_trial_0_fold_1.json
ShapeFBT,bidding,0,1,10,5,0.97943,0.97943,0.986561,-0.007131,3.39526,shapefbt_capability_bidding_n10_d5_trial_0_fold_1.json
ShapeFBT,bidding,0,1,10,4,0.97717,0.97943,0.98419,-0.00702,2.785928,shapefbt_capability_bidding_n10_d4_trial_0_fold_1.json
ShapeFBT,bidding,0,1,80,4,0.992767,0.995253,0.995257,-0.00249,15.586519,shapefbt_capability_bidding_n80_d4_trial_0_fold_1.json
ShapeFBT,bidding,0,1,80,5,0.993445,0.993671,0.993676,-0.000231,19.970732,shapefbt_capability_bidding_n80_d5_trial_0_fold_1.json
ShapeFBT,bidding,0,1,80,3,0.992993,0.992089,0.994466,-0.001473,9.066928,shapefbt_capability_bidding_n80_d3_trial_0_fold_1.json
ShapeFBT,bidding,0,1,40,3,0.973327,0.97943,0.981818,-0.008491,3.431547,shapefbt_capability_bidding_n40_d3_trial_0_fold_1.json
ShapeFBT,bidding,0,1,40,5,0.992767,0.993671,0.994466,-0.001699,8.826324,shapefbt_capability_bidding_n40_d5_trial_0_fold_1.json
ShapeFBT,bidding,0,1,40,4,0.992089,0.993671,0.994466,-0.002377,8.110794,shapefbt_capability_bidding_n40_d4_trial_0_fold_1.json
ShapeFBT,bidding,0,2,40,5,0.978074,0.982595,0.981028,-0.002954,7.400472,shapefbt_capability_bidding_n40_d5_trial_0_fold_2.json
ShapeFBT,bidding,0,2,40,4,0.982369,0.981013,0.973913,0.008456,6.17392,shapefbt_capability_bidding_n40_d4_trial_0_fold_2.json
ShapeFBT,bidding,0,2,40,3,0.981691,0.981013,0.973123,0.008568,4.01057,shapefbt_capability_bidding_n40_d3_trial_0_fold_2.json
ShapeFBT,bidding,0,2,80,3,0.977848,0.981013,0.981818,-0.00397,11.606005,shapefbt_capability_bidding_n80_d3_trial_0_fold_2.json
ShapeFBT,bidding,0,2,80,4,0.978526,0.982595,0.981818,-0.003292,21.024105,shapefbt_capability_bidding_n80_d4_trial_0_fold_2.json
ShapeFBT,bidding,0,2,80,5,0.959765,0.963608,0.959684,8.1e-05,27.408144,shapefbt_capability_bidding_n80_d5_trial_0_fold_2.json
ShapeFBT,bidding,0,2,10,5,0.982595,0.982595,0.973913,0.008682,1.775948,shapefbt_capability_bidding_n10_d5_trial_0_fold_2.json
ShapeFBT,bidding,0,2,10,4,0.981691,0.981013,0.973123,0.008568,1.770593,shapefbt_capability_bidding_n10_d4_trial_0_fold_2.json
ShapeFBT,bidding,0,2,10,3,0.981239,0.981013,0.973913,0.007326,1.403111,shapefbt_capability_bidding_n10_d3_trial_0_fold_2.json
ShapeFBT,bidding,0,2,100,4,0.979204,0.976266,0.978656,0.000548,25.21769,shapefbt_capability_bidding_n100_d4_trial_0_fold_2.json
ShapeFBT,bidding,0,2,60,4,0.97943,0.984177,0.981028,-0.001598,12.333285,shapefbt_capability_bidding_n60_d4_trial_0_fold_2.json
ShapeFBT,bidding,0,2,100,5,0.954792,0.957278,0.954941,-0.000149,30.905235,shapefbt_capability_bidding_n100_d5_trial_0_fold_2.json
ShapeFBT,bidding,0,2,60,5,0.955922,0.958861,0.961265,-0.005343,18.336171,shapefbt_capability_bidding_n60_d5_trial_0_fold_2.json
ShapeFBT,bidding,0,2,20,3,0.981691,0.981013,0.973123,0.008568,1.864393,shapefbt_capability_bidding_n20_d3_trial_0_fold_2.json
ShapeFBT,bidding,0,2,20,5,0.981691,0.981013,0.973123,0.008568,3.273008,shapefbt_capability_bidding_n20_d5_trial_0_fold_2.json
ShapeFBT,bidding,0,2,20,4,0.979882,0.974684,0.971542,0.00834,5.830626,shapefbt_capability_bidding_n20_d4_trial_0_fold_2.json
ShapeFBT,bidding,0,2,100,3,0.9783,0.982595,0.981818,-0.003518,16.482269,shapefbt_capability_bidding_n100_d3_trial_0_fold_2.json
ShapeFBT,bidding,0,2,60,3,0.983047,0.984177,0.974704,0.008343,6.050226,shapefbt_capability_bidding_n60_d3_trial_0_fold_2.json
ShapeFBT,bidding,0,3,40,3,0.976944,0.971519,0.976285,0.000659,4.12149,shapefbt_capability_bidding_n40_d3_trial_0_fold_3.json
ShapeFBT,bidding,0,3,40,4,0.982143,0.974684,0.977075,0.005068,7.697749,shapefbt_capability_bidding_n40_d4_trial_0_fold_3.json
ShapeFBT,bidding,0,3,40,5,0.981691,0.966772,0.975494,0.006197,10.737278,shapefbt_capability_bidding_n40_d5_trial_0_fold_3.json
ShapeFBT,bidding,0,3,80,5,0.983499,0.971519,0.977866,0.005633,30.207383,shapefbt_capability_bidding_n80_d5_trial_0_fold_3.json
ShapeFBT,bidding,0,3,80,4,0.981917,0.969937,0.974704,0.007213,24.965772,shapefbt_capability_bidding_n80_d4_trial_0_fold_3.json
ShapeFBT,bidding,0,3,80,3,0.982595,0.973101,0.977866,0.004729,11.400764,shapefbt_capability_bidding_n80_d3_trial_0_fold_3.json
ShapeFBT,bidding,0,3,10,3,0.976266,0.971519,0.973913,0.002353,1.429703,shapefbt_capability_bidding_n10_d3_trial_0_fold_3.json
ShapeFBT,bidding,0,3,10,4,0.979882,0.974684,0.977866,0.002016,2.09277,shapefbt_capability_bidding_n10_d4_trial_0_fold_3.json
ShapeFBT,bidding,0,3,10,5,0.982369,0.974684,0.979447,0.002922,2.967631,shapefbt_capability_bidding_n10_d5_trial_0_fold_3.json
ShapeFBT,bidding,0,3,60,3,0.982595,0.977848,0.980237,0.002358,6.253305,shapefbt_capability_bidding_n60_d3_trial_0_fold_3.json
ShapeFBT,bidding,0,3,100,3,0.982821,0.973101,0.979447,0.003374,17.96631,shapefbt_capability_bidding_n100_d3_trial_0_fold_3.json
ShapeFBT,bidding,0,3,20,4,0.981691,0.976266,0.978656,0.003035,3.423367,shapefbt_capability_bidding_n20_d4_trial_0_fold_3.json
ShapeFBT,bidding,0,3,20,5,0.982369,0.974684,0.977866,0.004503,4.612954,shapefbt_capability_bidding_n20_d5_trial_0_fold_3.json
ShapeFBT,bidding,0,3,20,3,0.976718,0.971519,0.973913,0.002805,1.793517,shapefbt_capability_bidding_n20_d3_trial_0_fold_3.json
ShapeFBT,bidding,0,3,60,5,0.982143,0.969937,0.974704,0.007439,26.485383,shapefbt_capability_bidding_n60_d5_trial_0_fold_3.json
ShapeFBT,bidding,0,3,100,5,0.982595,0.96519,0.977075,0.00552,37.610142,shapefbt_capability_bidding_n100_d5_trial_0_fold_3.json
ShapeFBT,bidding,0,3,60,4,0.983047,0.973101,0.977075,0.005972,12.512553,shapefbt_capability_bidding_n60_d4_trial_0_fold_3.json
ShapeFBT,bidding,0,3,100,4,0.981691,0.968354,0.973913,0.007778,30.623357,shapefbt_capability_bidding_n100_d4_trial_0_fold_3.json
ShapeFBT,bidding,0,4,80,3,0.980561,0.984177,0.977866,0.002695,7.321465,shapefbt_capability_bidding_n80_d3_trial_0_fold_4.json
ShapeFBT,bidding,0,4,80,4,0.980335,0.984177,0.976285,0.00405,23.688136,shapefbt_capability_bidding_n80_d4_trial_0_fold_4.json
ShapeFBT,bidding,0,4,80,5,0.983725,0.987342,0.978656,0.005069,26.07126,shapefbt_capability_bidding_n80_d5_trial_0_fold_4.json
ShapeFBT,bidding,0,4,40,5,0.979656,0.982595,0.977075,0.002581,7.720145,shapefbt_capability_bidding_n40_d5_trial_0_fold_4.json
ShapeFBT,bidding,0,4,40,4,0.978978,0.982595,0.975494,0.003484,5.959389,shapefbt_capability_bidding_n40_d4_trial_0_fold_4.json
ShapeFBT,bidding,0,4,40,3,0.974458,0.97943,0.970751,0.003707,3.203388,shapefbt_capability_bidding_n40_d3_trial_0_fold_4.json
ShapeFBT,bidding,0,4,20,3,0.973327,0.977848,0.968379,0.004948,1.719846,shapefbt_capability_bidding_n20_d3_trial_0_fold_4.json
ShapeFBT,bidding,0,4,100,4,0.983273,0.985759,0.977075,0.006198,31.027,shapefbt_capability_bidding_n100_d4_trial_0_fold_4.json
ShapeFBT,bidding,0,4,60,4,0.980787,0.984177,0.978656,0.002131,11.560442,shapefbt_capability_bidding_n60_d4_trial_0_fold_4.json
ShapeFBT,bidding,0,4,100,5,0.984403,0.987342,0.978656,0.005747,31.14671,shapefbt_capability_bidding_n100_d5_trial_0_fold_4.json
ShapeFBT,bidding,0,4,60,5,0.982369,0.987342,0.977866,0.004503,22.770916,shapefbt_capability_bidding_n60_d5_trial_0_fold_4.json
ShapeFBT,bidding,0,4,100,3,0.980561,0.984177,0.977075,0.003486,10.655024,shapefbt_capability_bidding_n100_d3_trial_0_fold_4.json
ShapeFBT,bidding,0,4,60,3,0.978978,0.982595,0.976285,0.002693,5.309266,shapefbt_capability_bidding_n60_d3_trial_0_fold_4.json
ShapeFBT,bidding,0,4,20,5,0.978752,0.982595,0.975494,0.003258,3.256465,shapefbt_capability_bidding_n20_d5_trial_0_fold_4.json
ShapeFBT,bidding,0,4,20,4,0.978978,0.982595,0.975494,0.003484,3.918876,shapefbt_capability_bidding_n20_d4_trial_0_fold_4.json
ShapeFBT,bidding,0,4,10,5,0.980787,0.985759,0.978656,0.002131,1.773909,shapefbt_capability_bidding_n10_d5_trial_0_fold_4.json
ShapeFBT,bidding,0,4,10,4,0.978752,0.982595,0.975494,0.003258,2.009928,shapefbt_capability_bidding_n10_d4_trial_0_fold_4.json
ShapeFBT,bidding,0,4,10,3,0.974458,0.97943,0.970751,0.003707,1.409569,shapefbt_capability_bidding_n10_d3_trial_0_fold_4.json
ShapeFBT,magic,0,0,20,4,0.812026,0.802543,0.79858,0.013446,275.581811,shapefbt_capability_magic_n20_d4_trial_0_fold_0.json
ShapeFBT,magic,0,0,20,5,0.800812,0.780853,0.791854,0.008958,1737.885356,shapefbt_capability_magic_n20_d5_trial_0_fold_0.json
ShapeFBT,magic,0,0,60,3,0.810638,0.804787,0.79858,0.012058,501.046131,shapefbt_capability_magic_n60_d3_trial_0_fold_0.json
ShapeFBT,magic,0,0,60,4,0.818648,0.812266,0.811286,0.007362,2662.651109,shapefbt_capability_magic_n60_d4_trial_0_fold_0.json
ShapeFBT,magic,0,0,20,3,0.788316,0.780853,0.781016,0.0073,44.174026,shapefbt_capability_magic_n20_d3_trial_0_fold_0.json
ShapeFBT,magic,0,0,10,3,0.796326,0.78908,0.787369,0.008957,9.136735,shapefbt_capability_magic_n10_d3_trial_0_fold_0.json
ShapeFBT,magic,0,0,10,4,0.795365,0.781601,0.787369,0.007996,25.7518,shapefbt_capability_magic_n10_d4_trial_0_fold_0.json
ShapeFBT,magic,0,0,10,5,0.805191,0.78908,0.794843,0.010348,135.142476,shapefbt_capability_magic_n10_d5_trial_0_fold_0.json
ShapeFBT,magic,0,0,80,3,0.816832,0.812266,0.80157,0.015262,872.012104,shapefbt_capability_magic_n80_d3_trial_0_fold_0.json
ShapeFBT,magic,0,0,100,4,0.800812,0.791324,0.792601,0.008211,1640.052955,shapefbt_capability_magic_n100_d4_trial_0_fold_0.json
ShapeFBT,magic,0,0,40,3,0.818755,0.812266,0.807549,0.011206,330.427908,shapefbt_capability_magic_n40_d3_trial_0_fold_0.json
ShapeFBT,magic,0,0,40,4,0.811706,0.806283,0.80157,0.010136,1984.152371,shapefbt_capability_magic_n40_d4_trial_0_fold_0.json
ShapeFBT,magic,0,0,100,3,0.815444,0.805535,0.799701,0.015743,1447.485708,shapefbt_capability_magic_n100_d3_trial_0_fold_0.json
ShapeFBT,magic,0,1,20,3,0.795899,0.782349,0.776158,0.019741,24.594145,shapefbt_capability_magic_n20_d3_trial_0_fold_1.json
ShapeFBT,magic,0,1,60,3,0.80455,0.79282,0.78849,0.01606,771.87386,shapefbt_capability_magic_n60_d3_trial_0_fold_1.json
ShapeFBT,magic,0,1,20,5,0.812774,0.778609,0.782138,0.030636,1366.143573,shapefbt_capability_magic_n20_d5_trial_0_fold_1.json
ShapeFBT,magic,0,1,20,4,0.817259,0.794316,0.795964,0.021295,189.754452,shapefbt_capability_magic_n20_d4_trial_0_fold_1.json
ShapeFBT,magic,0,1,10,5,0.810744,0.783844,0.785501,0.025243,500.037479,shapefbt_capability_magic_n10_d5_trial_0_fold_1.json
ShapeFBT,magic,0,1,10,4,0.808502,0.796559,0.78849,0.020012,37.472162,shapefbt_capability_magic_n10_d4_trial_0_fold_1.json
ShapeFBT,magic,0,1,10,3,0.796433,0.786836,0.779895,0.016538,6.491025,shapefbt_capability_magic_n10_d3_trial_0_fold_1.json
ShapeFBT,magic,0,1,80,3,0.808074,0.797307,0.785501,0.022573,1449.430329,shapefbt_capability_magic_n80_d3_trial_0_fold_1.json
ShapeFBT,magic,0,1,80,4,0.811385,0.777861,0.787369,0.024016,3395.21068,shapefbt_capability_magic_n80_d4_trial_0_fold_1.json
ShapeFBT,magic,0,1,100,3,0.807754,0.789828,0.79148,0.016274,1413.041737,shapefbt_capability_magic_n100_d3_trial_0_fold_1.json
ShapeFBT,magic,0,1,40,4,0.813735,0.798803,0.790359,0.023376,1459.857805,shapefbt_capability_magic_n40_d4_trial_0_fold_1.json
ShapeFBT,magic,0,1,40,3,0.806365,0.787584,0.788864,0.017501,199.231972,shapefbt_capability_magic_n40_d3_trial_0_fold_1.json
ShapeFBT,magic,0,1,100,4,0.799103,0.798055,0.779522,0.019581,2812.718561,shapefbt_capability_magic_n100_d4_trial_0_fold_1.json
ShapeFBT,magic,0,2,40,3,0.805511,0.780853,0.818012,-0.012501,272.418094,shapefbt_capability_magic_n40_d3_trial_0_fold_2.json
ShapeFBT,magic,0,2,40,4,0.812667,0.801047,0.805306,0.007361,1557.794974,shapefbt_capability_magic_n40_d4_trial_0_fold_2.json
ShapeFBT,magic,0,2,100,3,0.818434,0.790576,0.825112,-0.006678,1011.309165,shapefbt_capability_magic_n100_d3_trial_0_fold_2.json
ShapeFBT,magic,0,2,80,5,0.795151,0.786088,0.786622,0.008529,3267.49871,shapefbt_capability_magic_n80_d5_trial_0_fold_2.json
ShapeFBT,magic,0,2,80,3,0.818327,0.789828,0.816517,0.00181,435.607148,shapefbt_capability_magic_n80_d3_trial_0_fold_2.json
ShapeFBT,magic,0,2,10,3,0.793656,0.786836,0.802317,-0.008661,5.463452,shapefbt_capability_magic_n10_d3_trial_0_fold_2.json
ShapeFBT,magic,0,2,10,5,0.809783,0.807779,0.817265,-0.007482,142.96635,shapefbt_capability_magic_n10_d5_trial_0_fold_2.json
ShapeFBT,magic,0,2,10,4,0.809356,0.797307,0.813154,-0.003798,27.555199,shapefbt_capability_magic_n10_d4_trial_0_fold_2.json
ShapeFBT,magic,0,2,20,4,0.81288,0.781601,0.815396,-0.002516,602.648046,shapefbt_capability_magic_n20_d4_trial_0_fold_2.json
ShapeFBT,magic,0,2,60,3,0.816725,0.801795,0.816517,0.000208,643.849076,shapefbt_capability_magic_n60_d3_trial_0_fold_2.json
ShapeFBT,magic,0,2,60,4,0.815551,0.806283,0.804185,0.011366,2613.342533,shapefbt_capability_magic_n60_d4_trial_0_fold_2.json
ShapeFBT,magic,0,2,20,3,0.793442,0.787584,0.801196,-0.007754,33.266264,shapefbt_capability_magic_n20_d3_trial_0_fold_2.json
ShapeFBT,magic,0,3,100,3,0.800384,0.790576,0.783632,0.016752,768.607543,shapefbt_capability_magic_n100_d3_trial_0_fold_3.json
ShapeFBT,magic,0,3,40,4,0.805191,0.779357,0.80157,0.003621,1388.326468,shapefbt_capability_magic_n40_d4_trial_0_fold_3.json
ShapeFBT,magic,0,3,40,3,0.793442,0.782349,0.797833,-0.004391,242.252051,shapefbt_capability_magic_n40_d3_trial_0_fold_3.json
ShapeFBT,magic,0,3,100,4,0.807113,0.78908,0.797085,0.010028,3550.0951,shapefbt_capability_magic_n100_d4_trial_0_fold_3.json
ShapeFBT,magic,0,3,80,3,0.809676,0.79282,0.801943,0.007733,621.314543,shapefbt_capability_magic_n80_d3_trial_0_fold_3.json
ShapeFBT,magic,0,3,80,4,0.810424,0.79282,0.797459,0.012965,2552.322117,shapefbt_capability_magic_n80_d4_trial_0_fold_3.json
ShapeFBT,magic,0,3,10,4,0.806472,0.788332,0.802317,0.004155,31.008551,shapefbt_capability_magic_n10_d4_trial_0_fold_3.json
ShapeFBT,magic,0,3,10,5,0.785005,0.770381,0.773543,0.011462,166.769602,shapefbt_capability_magic_n10_d5_trial_0_fold_3.json
ShapeFBT,magic,0,3,10,3,0.792695,0.781601,0.784006,0.008689,6.916102,shapefbt_capability_magic_n10_d3_trial_0_fold_3.json
ShapeFBT,magic,0,3,20,3,0.79654,0.786088,0.783632,0.012908,21.26161,shapefbt_capability_magic_n20_d3_trial_0_fold_3.json
ShapeFBT,magic,0,3,60,4,0.816085,0.795812,0.807549,0.008536,1796.924486,shapefbt_capability_magic_n60_d4_trial_0_fold_3.json
ShapeFBT,magic,0,3,60,3,0.805938,0.798803,0.80157,0.004368,382.802104,shapefbt_capability_magic_n60_d3_trial_0_fold_3.json
ShapeFBT,magic,0,3,20,4,0.800919,0.782349,0.804185,-0.003266,179.16402,shapefbt_capability_magic_n20_d4_trial_0_fold_3.json
ShapeFBT,magic,0,3,20,5,0.806365,0.796559,0.800448,0.005917,2792.759653,shapefbt_capability_magic_n20_d5_trial_0_fold_3.json
ShapeFBT,magic,0,4,80,3,0.816298,0.807031,0.809417,0.006881,2041.002215,shapefbt_capability_magic_n80_d3_trial_0_fold_4.json
ShapeFBT,magic,0,4,40,3,0.805938,0.807779,0.800822,0.005116,519.287952,shapefbt_capability_magic_n40_d3_trial_0_fold_4.json
ShapeFBT,magic,0,4,100,3,0.805511,0.79282,0.803812,0.001699,1489.954755,shapefbt_capability_magic_n100_d3_trial_0_fold_4.json
ShapeFBT,magic,0,4,40,4,0.810638,0.805535,0.808296,0.002342,1771.886139,shapefbt_capability_magic_n40_d4_trial_0_fold_4.json
ShapeFBT,magic,0,4,60,3,0.8022,0.798055,0.804559,-0.002359,785.501188,shapefbt_capability_magic_n60_d3_trial_0_fold_4.json
ShapeFBT,magic,0,4,20,4,0.805191,0.798803,0.802691,0.0025,225.576881,shapefbt_capability_magic_n20_d4_trial_0_fold_4.json
ShapeFBT,magic,0,4,20,3,0.792908,0.788332,0.789985,0.002923,65.6736,shapefbt_capability_magic_n20_d3_trial_0_fold_4.json
ShapeFBT,magic,0,4,60,4,0.805404,0.786088,0.797085,0.008319,3581.190669,shapefbt_capability_magic_n60_d4_trial_0_fold_4.json
ShapeFBT,magic,0,4,10,3,0.795151,0.784592,0.793348,0.001803,5.194933,shapefbt_capability_magic_n10_d3_trial_0_fold_4.json
ShapeFBT,magic,0,4,10,5,0.81288,0.791324,0.810912,0.001968,397.075456,shapefbt_capability_magic_n10_d5_trial_0_fold_4.json
ShapeFBT,magic,0,4,10,4,0.798142,0.788332,0.800075,-0.001933,34.279524,shapefbt_capability_magic_n10_d4_trial_0_fold_4.json
ShapeFBT,raisin,0,0,40,3,0.896825,0.833333,0.827778,0.069047,11.455654,shapefbt_capability_raisin_n40_d3_trial_0_fold_0.json
ShapeFBT,raisin,0,0,40,5,0.920635,0.9,0.838889,0.081746,67.877977,shapefbt_capability_raisin_n40_d5_trial_0_fold_0.json
ShapeFBT,raisin,0,0,40,4,0.915873,0.833333,0.827778,0.088095,39.634757,shapefbt_capability_raisin_n40_d4_trial_0_fold_0.json
ShapeFBT,raisin,0,0,80,4,0.907937,0.877778,0.838889,0.069048,86.489173,shapefbt_capability_raisin_n80_d4_trial_0_fold_0.json
ShapeFBT,raisin,0,0,80,5,0.915873,0.866667,0.855556,0.060317,80.152002,shapefbt_capability_raisin_n80_d5_trial_0_fold_0.json
ShapeFBT,raisin,0,0,80,3,0.9,0.855556,0.85,0.05,25.132545,shapefbt_capability_raisin_n80_d3_trial_0_fold_0.json
ShapeFBT,raisin,0,0,10,3,0.893651,0.833333,0.844444,0.049207,2.094957,shapefbt_capability_raisin_n10_d3_trial_0_fold_0.json
ShapeFBT,raisin,0,0,10,5,0.911111,0.877778,0.838889,0.072222,7.950553,shapefbt_capability_raisin_n10_d5_trial_0_fold_0.json
ShapeFBT,raisin,0,0,10,4,0.903175,0.844444,0.827778,0.075397,4.04211,shapefbt_capability_raisin_n10_d4_trial_0_fold_0.json
ShapeFBT,raisin,0,0,20,5,0.920635,0.855556,0.85,0.070635,24.381627,shapefbt_capability_raisin_n20_d5_trial_0_fold_0.json
ShapeFBT,raisin,0,0,20,4,0.920635,0.844444,0.838889,0.081746,9.392515,shapefbt_capability_raisin_n20_d4_trial_0_fold_0.json
ShapeFBT,raisin,0,0,60,3,0.903175,0.866667,0.85,0.053175,18.509534,shapefbt_capability_raisin_n60_d3_trial_0_fold_0.json
ShapeFBT,raisin,0,0,100,3,0.911111,0.877778,0.844444,0.066667,33.572722,shapefbt_capability_raisin_n100_d3_trial_0_fold_0.json
ShapeFBT,raisin,0,0,100,5,0.938095,0.844444,0.85,0.088095,82.083726,shapefbt_capability_raisin_n100_d5_trial_0_fold_0.json
ShapeFBT,raisin,0,0,60,4,0.919048,0.866667,0.855556,0.063492,68.164845,shapefbt_capability_raisin_n60_d4_trial_0_fold_0.json
ShapeFBT,raisin,0,0,100,4,0.922222,0.888889,0.838889,0.083333,67.490142,shapefbt_capability_raisin_n100_d4_trial_0_fold_0.json
ShapeFBT,raisin,0,0,60,5,0.919048,0.9,0.855556,0.063492,50.57432,shapefbt_capability_raisin_n60_d5_trial_0_fold_0.json
ShapeFBT,raisin,0,0,20,3,0.895238,0.866667,0.838889,0.056349,3.502846,shapefbt_capability_raisin_n20_d3_trial_0_fold_0.json
ShapeFBT,raisin,0,1,40,4,0.893651,0.866667,0.866667,0.026984,17.372112,shapefbt_capability_raisin_n40_d4_trial_0_fold_1.json
ShapeFBT,raisin,0,1,40,5,0.888889,0.811111,0.838889,0.05,46.865313,shapefbt_capability_raisin_n40_d5_trial_0_fold_1.json
ShapeFBT,raisin,0,1,40,3,0.890476,0.855556,0.861111,0.029365,7.739918,shapefbt_capability_raisin_n40_d3_trial_0_fold_1.json
ShapeFBT,raisin,0,1,80,3,0.893651,0.877778,0.866667,0.026984,15.272862,shapefbt_capability_raisin_n80_d3_trial_0_fold_1.json
ShapeFBT,raisin,0,1,80,5,0.919048,0.855556,0.844444,0.074604,70.580553,shapefbt_capability_raisin_n80_d5_trial_0_fold_1.json
ShapeFBT,raisin,0,1,80,4,0.920635,0.866667,0.861111,0.059524,38.43335,shapefbt_capability_raisin_n80_d4_trial_0_fold_1.json
ShapeFBT,raisin,0,1,10,4,0.893651,0.866667,0.866667,0.026984,3.704518,shapefbt_capability_raisin_n10_d4_trial_0_fold_1.json
ShapeFBT,raisin,0,1,10,5,0.892063,0.833333,0.877778,0.014285,14.589274,shapefbt_capability_raisin_n10_d5_trial_0_fold_1.json
ShapeFBT,raisin,0,1,10,3,0.884127,0.833333,0.877778,0.006349,2.519108,shapefbt_capability_raisin_n10_d3_trial_0_fold_1.json
ShapeFBT,raisin,0,1,20,3,0.885714,0.844444,0.861111,0.024603,4.185928,shapefbt_capability_raisin_n20_d3_trial_0_fold_1.json
ShapeFBT,raisin,0,1,60,5,0.911111,0.866667,0.872222,0.038889,68.220826,shapefbt_capability_raisin_n60_d5_trial_0_fold_1.json
ShapeFBT,raisin,0,1,100,4,0.915873,0.855556,0.866667,0.049206,49.128991,shapefbt_capability_raisin_n100_d4_trial_0_fold_1.json
ShapeFBT,raisin,0,1,60,4,0.887302,0.877778,0.872222,0.01508,32.608462,shapefbt_capability_raisin_n60_d4_trial_0_fold_1.json
ShapeFBT,raisin,0,1,100,5,0.938095,0.833333,0.877778,0.060317,66.777465,shapefbt_capability_raisin_n100_d5_trial_0_fold_1.json
ShapeFBT,raisin,0,1,100,3,0.906349,0.833333,0.866667,0.039682,24.100567,shapefbt_capability_raisin_n100_d3_trial_0_fold_1.json
ShapeFBT,raisin,0,1,60,3,0.904762,0.877778,0.833333,0.071429,10.802339,shapefbt_capability_raisin_n60_d3_trial_0_fold_1.json
ShapeFBT,raisin,0,1,20,4,0.906349,0.844444,0.872222,0.034127,9.393046,shapefbt_capability_raisin_n20_d4_trial_0_fold_1.json
ShapeFBT,raisin,0,1,20,5,0.892063,0.844444,0.866667,0.025396,35.913507,shapefbt_capability_raisin_n20_d5_trial_0_fold_1.json
ShapeFBT,raisin,0,2,20,4,0.9,0.822222,0.888889,0.011111,6.860478,shapefbt_capability_raisin_n20_d4_trial_0_fold_2.json
ShapeFBT,raisin,0,2,20,5,0.903175,0.811111,0.9,0.003175,145.342811,shapefbt_capability_raisin_n20_d5_trial_0_fold_2.json
ShapeFBT,raisin,0,2,100,3,0.9,0.833333,0.883333,0.016667,33.985004,shapefbt_capability_raisin_n100_d3_trial_0_fold_2.json
ShapeFBT,raisin,0,2,60,3,0.890476,0.822222,0.883333,0.007143,14.580835,shapefbt_capability_raisin_n60_d3_trial_0_fold_2.json
ShapeFBT,raisin,0,2,60,5,0.931746,0.8,0.827778,0.103968,52.182416,shapefbt_capability_raisin_n60_d5_trial_0_fold_2.json
ShapeFBT,raisin,0,2,100,4,0.907937,0.844444,0.877778,0.030159,47.406071,shapefbt_capability_raisin_n100_d4_trial_0_fold_2.json
ShapeFBT,raisin,0,2,60,4,0.898413,0.844444,0.883333,0.01508,62.190706,shapefbt_capability_raisin_n60_d4_trial_0_fold_2.json
ShapeFBT,raisin,0,2,100,5,0.939683,0.833333,0.866667,0.073016,98.782985,shapefbt_capability_raisin_n100_d5_trial_0_fold_2.json
ShapeFBT,raisin,0,2,20,3,0.885714,0.822222,0.888889,-0.003175,4.57144,shapefbt_capability_raisin_n20_d3_trial_0_fold_2.json
ShapeFBT,raisin,0,2,10,3,0.884127,0.844444,0.888889,-0.004762,1.9069,shapefbt_capability_raisin_n10_d3_trial_0_fold_2.json
ShapeFBT,raisin,0,2,10,4,0.906349,0.833333,0.888889,0.01746,3.693455,shapefbt_capability_raisin_n10_d4_trial_0_fold_2.json
ShapeFBT,raisin,0,2,10,5,0.909524,0.811111,0.888889,0.020635,5.061617,shapefbt_capability_raisin_n10_d5_trial_0_fold_2.json
ShapeFBT,raisin,0,2,80,5,0.91746,0.811111,0.883333,0.034127,89.789159,shapefbt_capability_raisin_n80_d5_trial_0_fold_2.json
ShapeFBT,raisin,0,2,80,4,0.909524,0.811111,0.894444,0.01508,40.742087,shapefbt_capability_raisin_n80_d4_trial_0_fold_2.json
ShapeFBT,raisin,0,2,80,3,0.9,0.8,0.888889,0.011111,22.494682,shapefbt_capability_raisin_n80_d3_trial_0_fold_2.json
ShapeFBT,raisin,0,2,40,3,0.884127,0.844444,0.894444,-0.010317,6.233818,shapefbt_capability_raisin_n40_d3_trial_0_fold_2.json
ShapeFBT,raisin,0,2,40,4,0.892063,0.788889,0.9,-0.007937,33.921216,shapefbt_capability_raisin_n40_d4_trial_0_fold_2.json
ShapeFBT,raisin,0,2,40,5,0.901587,0.811111,0.894444,0.007143,58.443564,shapefbt_capability_raisin_n40_d5_trial_0_fold_2.json
ShapeFBT,raisin,0,3,20,3,0.88254,0.866667,0.861111,0.021429,3.223096,shapefbt_capability_raisin_n20_d3_trial_0_fold_3.json
ShapeFBT,raisin,0,3,100,5,0.930159,0.822222,0.833333,0.096826,97.458559,shapefbt_capability_raisin_n100_d5_trial_0_fold_3.json
ShapeFBT,raisin,0,3,60,4,0.906349,0.833333,0.855556,0.050793,23.256031,shapefbt_capability_raisin_n60_d4_trial_0_fold_3.json
ShapeFBT,raisin,0,3,100,4,0.931746,0.822222,0.827778,0.103968,36.578698,shapefbt_capability_raisin_n100_d4_trial_0_fold_3.json
ShapeFBT,raisin,0,3,60,5,0.920635,0.855556,0.866667,0.053968,51.070565,shapefbt_capability_raisin_n60_d5_trial_0_fold_3.json
ShapeFBT,raisin,0,3,60,3,0.895238,0.888889,0.861111,0.034127,12.60248,shapefbt_capability_raisin_n60_d3_trial_0_fold_3.json
ShapeFBT,raisin,0,3,100,3,0.895238,0.855556,0.866667,0.028571,19.75389,shapefbt_capability_raisin_n100_d3_trial_0_fold_3.json
ShapeFBT,raisin,0,3,20,5,0.9,0.866667,0.827778,0.072222,27.247843,shapefbt_capability_raisin_n20_d5_trial_0_fold_3.json
ShapeFBT,raisin,0,3,20,4,0.888889,0.866667,0.861111,0.027778,10.198759,shapefbt_capability_raisin_n20_d4_trial_0_fold_3.json
ShapeFBT,raisin,0,3,10,5,0.903175,0.877778,0.844444,0.058731,11.094051,shapefbt_capability_raisin_n10_d5_trial_0_fold_3.json
ShapeFBT,raisin,0,3,10,4,0.892063,0.877778,0.866667,0.025396,3.391782,shapefbt_capability_raisin_n10_d4_trial_0_fold_3.json
ShapeFBT,raisin,0,3,10,3,0.885714,0.855556,0.866667,0.019047,2.518476,shapefbt_capability_raisin_n10_d3_trial_0_fold_3.json
ShapeFBT,raisin,0,3,80,3,0.901587,0.866667,0.866667,0.03492,15.495246,shapefbt_capability_raisin_n80_d3_trial_0_fold_3.json
ShapeFBT,raisin,0,3,80,4,0.912698,0.822222,0.844444,0.068254,36.571657,shapefbt_capability_raisin_n80_d4_trial_0_fold_3.json
ShapeFBT,raisin,0,3,80,5,0.925397,0.911111,0.844444,0.080953,63.278637,shapefbt_capability_raisin_n80_d5_trial_0_fold_3.json
ShapeFBT,raisin,0,3,40,5,0.898413,0.9,0.866667,0.031746,56.198772,shapefbt_capability_raisin_n40_d5_trial_0_fold_3.json
ShapeFBT,raisin,0,3,40,4,0.898413,0.877778,0.855556,0.042857,17.236874,shapefbt_capability_raisin_n40_d4_trial_0_fold_3.json
ShapeFBT,raisin,0,3,40,3,0.888889,0.888889,0.866667,0.022222,6.586064,shapefbt_capability_raisin_n40_d3_trial_0_fold_3.json
ShapeFBT,raisin,0,4,10,3,0.895238,0.855556,0.833333,0.061905,2.478945,shapefbt_capability_raisin_n10_d3_trial_0_fold_4.json
ShapeFBT,raisin,0,4,10,4,0.903175,0.844444,0.833333,0.069842,3.716844,shapefbt_capability_raisin_n10_d4_trial_0_fold_4.json
ShapeFBT,raisin,0,4,10,5,0.907937,0.855556,0.85,0.057937,16.448717,shapefbt_capability_raisin_n10_d5_trial_0_fold_4.json
ShapeFBT,raisin,0,4,100,3,0.911111,0.844444,0.838889,0.072222,27.398361,shapefbt_capability_raisin_n100_d3_trial_0_fold_4.json
ShapeFBT,raisin,0,4,60,3,0.890476,0.877778,0.838889,0.051587,16.419332,shapefbt_capability_raisin_n60_d3_trial_0_fold_4.json
ShapeFBT,raisin,0,4,20,4,0.909524,0.855556,0.844444,0.06508,9.360415,shapefbt_capability_raisin_n20_d4_trial_0_fold_4.json
ShapeFBT,raisin,0,4,20,5,0.907937,0.877778,0.827778,0.080159,25.136555,shapefbt_capability_raisin_n20_d5_trial_0_fold_4.json
ShapeFBT,raisin,0,4,20,3,0.9,0.866667,0.85,0.05,3.590975,shapefbt_capability_raisin_n20_d3_trial_0_fold_4.json
ShapeFBT,raisin,0,4,60,5,0.911111,0.855556,0.844444,0.066667,47.520152,shapefbt_capability_raisin_n60_d5_trial_0_fold_4.json
ShapeFBT,raisin,0,4,100,4,0.930159,0.855556,0.855556,0.074603,48.220374,shapefbt_capability_raisin_n100_d4_trial_0_fold_4.json
ShapeFBT,raisin,0,4,60,4,0.909524,0.877778,0.838889,0.070635,31.498971,shapefbt_capability_raisin_n60_d4_trial_0_fold_4.json
ShapeFBT,raisin,0,4,100,5,0.920635,0.866667,0.822222,0.098413,57.033703,shapefbt_capability_raisin_n100_d5_trial_0_fold_4.json
ShapeFBT,raisin,0,4,40,3,0.901587,0.866667,0.855556,0.046031,10.706063,shapefbt_capability_raisin_n40_d3_trial_0_fold_4.json
ShapeFBT,raisin,0,4,40,4,0.911111,0.855556,0.838889,0.072222,28.499456,shapefbt_capability_raisin_n40_d4_trial_0_fold_4.json
ShapeFBT,raisin,0,4,40,5,0.915873,0.888889,0.833333,0.08254,62.556921,shapefbt_capability_raisin_n40_d5_trial_0_fold_4.json
ShapeFBT,raisin,0,4,80,5,0.914286,0.888889,0.838889,0.075397,55.784616,shapefbt_capability_raisin_n80_d5_trial_0_fold_4.json
ShapeFBT,raisin,0,4,80,4,0.928571,0.877778,0.861111,0.06746,35.679513,shapefbt_capability_raisin_n80_d4_trial_0_fold_4.json
ShapeFBT,raisin,0,4,80,3,0.898413,0.877778,0.833333,0.06508,19.79661,shapefbt_capability_raisin_n80_d3_trial_0_fold_4.json
