dataset,fold,trial_id,base_seed,random_state,n_estimators,max_depth,n_features,n_train_samples,fit_time_sec,train_acc,val_acc,test_acc,n_trees,total_leaves,mean_leaves_per_tree,std_leaves_per_tree,max_leaves_single_tree,mean_max_depth_per_tree,max_depth_any_tree,n_distinct_split_features,split_feature_entropy_bits
magic,0,0,42,42,10,3,10,9363,0.021531776999999863,0.8011321157748584,0.7920718025430067,0.7918535127055306,10,80,8.0,0.0,8,3.0,3,8,2.5527869503349607
magic,0,0,42,42,10,4,10,9363,0.035337442000002994,0.8174730321478159,0.8017950635751683,0.8023168908819133,10,159,15.9,0.3,16,4.0,4,7,2.594245301045821
magic,0,0,42,42,10,5,10,9363,0.03432960900000026,0.841503791519812,0.8227374719521316,0.8187593423019432,10,313,31.3,0.9,32,5.0,5,9,2.8293286142189986
magic,0,0,42,42,20,3,10,9363,0.03218626700000016,0.8179002456477624,0.8055347793567689,0.8056801195814649,20,160,8.0,0.0,8,3.0,3,8,2.6282509927993063
magic,0,0,42,42,20,4,10,9363,0.03909872999999919,0.8389405105201324,0.8279730740463724,0.819880418535127,20,317,15.85,0.3570714214271425,16,4.0,4,10,2.8475804495151578
magic,0,0,42,42,20,5,10,9363,0.10378273999999976,0.8562426572679697,0.8347045624532535,0.8322122571001495,20,626,31.3,0.9539392014169457,32,5.0,5,10,2.9471762662382166
magic,0,0,42,42,40,3,10,9363,0.13451628199999988,0.841183381394852,0.8272251308900523,0.8213751868460388,40,319,7.975,0.15612494995995996,8,3.0,3,9,2.773040633203409
magic,0,0,42,42,40,4,10,9363,0.09746989399999961,0.8623304496422087,0.8504113687359761,0.8389387144992526,40,630,15.75,0.48733971724044817,16,4.0,4,10,2.9674634789310415
magic,0,0,42,42,40,5,10,9363,0.1414911520000004,0.8746128377656734,0.8481675392670157,0.8426756352765321,40,1179,29.475,2.8808635858020075,32,5.0,5,10,3.055517792506143
magic,0,0,42,42,60,3,10,9363,0.17365600099999767,0.8510092918936238,0.8347045624532535,0.8355754857997011,60,476,7.933333333333334,0.24944382578492938,8,3.0,3,10,2.8422202786326025
magic,0,0,42,42,60,4,10,9363,0.15597044300000107,0.8722631635159671,0.8519072550486163,0.8460388639760837,60,921,15.35,1.2626031311012447,16,4.0,4,10,3.0565110519053853
magic,0,0,42,42,60,5,10,9363,0.30056113299999865,0.8842251415144718,0.856394913986537,0.8497757847533632,60,1664,27.733333333333334,4.166799997866735,32,5.0,5,10,3.1293007405321625
magic,0,0,42,42,80,3,10,9363,0.12162004400000015,0.8596603652675424,0.8429319371727748,0.844170403587444,80,631,7.8875,0.3159806164941134,8,3.0,3,10,2.9377300388466265
magic,0,0,42,42,80,4,10,9363,0.14380560400000064,0.8779237423902595,0.8481675392670157,0.851270553064275,80,1190,14.875,1.7633419974582356,16,4.0,4,10,3.082523091758754
magic,0,0,42,42,80,5,10,9363,0.1828400859999988,0.8909537541386308,0.8571428571428571,0.8494020926756353,80,2123,26.5375,5.106230875117183,32,5.0,5,10,3.1632585222920873
magic,0,0,42,42,100,3,10,9363,0.12372429099999849,0.8643597137669551,0.843679880329095,0.8479073243647235,100,783,7.83,0.4013726448077896,8,3.0,3,10,2.9729175562774204
magic,0,0,42,42,100,4,10,9363,0.16461170699999883,0.8813414503898324,0.8526551982049364,0.851644245142003,100,1456,14.56,2.1322288807724186,16,4.0,4,10,3.127514590452485
magic,0,0,42,42,100,5,10,9363,0.225854867999999,0.900352451137456,0.8646222887060584,0.8550074738415545,100,2556,25.56,5.60592543653588,32,5.0,5,10,3.1909707631488313
magic,1,0,42,42,10,3,10,9363,0.044502489999999284,0.8045498237744313,0.7913238593866866,0.7832585949177877,10,80,8.0,0.0,8,3.0,3,8,2.6065057484502487
magic,1,0,42,42,10,4,10,9363,0.04928110299999844,0.8179002456477624,0.8010471204188482,0.797085201793722,10,158,15.8,0.4,16,4.0,4,8,2.7271211137477516
magic,1,0,42,42,10,5,10,9363,0.05411226999999741,0.8444942860194382,0.818997756170531,0.8172645739910314,10,307,30.7,1.268857754044952,32,5.0,5,10,2.921119668323094
magic,1,0,42,42,20,3,10,9363,0.0653241350000009,0.8154437680230695,0.7943156320119671,0.8000747384155455,20,160,8.0,0.0,8,3.0,3,8,2.618546554709746
magic,1,0,42,42,20,4,10,9363,0.06043943699999943,0.8356296058955462,0.8167539267015707,0.8124065769805681,20,316,15.8,0.39999999999999997,16,4.0,4,9,2.825609646340689
magic,1,0,42,42,20,5,10,9363,0.08579861099999775,0.8548542133931433,0.8234854151084517,0.8269805680119582,20,619,30.95,1.16081867662439,32,5.0,5,10,2.941819428264958
magic,1,0,42,42,40,3,10,9363,0.11403765799999732,0.8382996902702126,0.818249813014211,0.8210014947683109,40,317,7.925,0.26339134382131846,8,3.0,3,9,2.7492081455508526
magic,1,0,42,42,40,4,10,9363,0.0994538889999994,0.8558154437680231,0.8406881077038145,0.8352017937219731,40,622,15.55,0.8930285549745876,16,4.0,4,10,2.950158498811214
magic,1,0,42,42,40,5,10,9363,0.11735917599999723,0.8740788208907402,0.8459237097980553,0.8430493273542601,40,1191,29.775,1.9037791363495926,32,5.0,5,10,3.046019043941086
magic,1,0,42,42,60,3,10,9363,0.1259249760000003,0.8532521627683435,0.8369483919222139,0.8352017937219731,60,476,7.933333333333334,0.2494438257849294,8,3.0,3,10,2.862838479058679
magic,1,0,42,42,60,4,10,9363,0.12010348400000126,0.8703407027662075,0.8489154824233358,0.8475336322869955,60,916,15.266666666666667,1.2364824660660938,16,4.0,4,10,3.0305635037665666
magic,1,0,42,42,60,5,10,9363,0.14974048100000203,0.8849727651393784,0.8511593118922962,0.8523916292974589,60,1725,28.75,3.243583409338094,32,5.0,5,10,3.1369453996526495
magic,1,0,42,42,80,3,10,9363,0.10560210799999936,0.8598739720175158,0.843679880329095,0.843423019431988,80,633,7.9125,0.2825663638864329,8,3.0,3,10,2.9674915415228904
magic,1,0,42,42,80,4,10,9363,0.14688156300000088,0.8768557086403931,0.8459237097980553,0.8535127055306427,80,1202,15.025,1.5081031131855673,16,4.0,4,10,3.098422582622807
magic,1,0,42,42,80,5,10,9363,0.18612192699999852,0.8928762148883904,0.8511593118922962,0.851270553064275,80,2184,27.3,4.720699100768869,32,5.0,5,10,3.1733167352403346
magic,1,0,42,42,100,3,10,9363,0.18897121599999878,0.8648937306418882,0.8444278234854151,0.8456651718983558,100,787,7.87,0.36482872693909396,8,3.0,3,10,3.0071175837188036
magic,1,0,42,42,100,4,10,9363,0.20909788900000592,0.8827298942646588,0.8504113687359761,0.8557548579970105,100,1458,14.58,1.908821626030049,16,4.0,4,10,3.1333935004564437
magic,1,0,42,42,100,5,10,9363,0.24513716999999957,0.9016340916372957,0.8541510845175767,0.8538863976083707,100,2595,25.95,5.501590679067282,32,5.0,5,10,3.2012030791067057
magic,2,0,42,42,10,3,10,9363,0.024578230999999562,0.8028409697746449,0.7898279730740464,0.8090433482810164,10,80,8.0,0.0,8,3.0,3,8,2.498258582470565
magic,2,0,42,42,10,4,10,9363,0.03903732299999518,0.8233472177720816,0.8032909498878086,0.8258594917787743,10,160,16.0,0.0,16,4.0,4,9,2.6914472233640856
magic,2,0,42,42,10,5,10,9363,0.04641433799999817,0.8456691231442913,0.8160059835452506,0.8423019431988041,10,316,31.6,0.66332495807108,32,5.0,5,10,2.990437172402749
magic,2,0,42,42,20,3,10,9363,0.041610495999997,0.8150165545231229,0.8002991772625281,0.8172645739910314,20,160,8.0,0.0,8,3.0,3,9,2.711081111812257
magic,2,0,42,42,20,4,10,9363,0.047621278999997685,0.8384064936451991,0.8145100972326104,0.8355754857997011,20,320,16.0,0.0,16,4.0,4,10,2.8945548416635045
magic,2,0,42,42,20,5,10,9363,0.062792610999999,0.8577379045177828,0.8324607329842932,0.8505231689088192,20,629,31.45,0.8046738469715541,32,5.0,5,10,3.047484564572506
magic,2,0,42,42,40,3,10,9363,0.07656289799999882,0.839688134145039,0.8115183246073299,0.8329596412556054,40,316,7.9,0.3,8,3.0,3,10,2.860740427245359
magic,2,0,42,42,40,4,10,9363,0.08924855299999734,0.8588059382676493,0.8339566192969334,0.8490284005979073,40,627,15.675,0.9051933495115837,16,4.0,4,10,2.9549894068616758
magic,2,0,42,42,40,5,10,9363,0.10588763999999884,0.8740788208907402,0.843679880329095,0.8568759342301944,40,1190,29.75,2.1994317447922773,32,5.0,5,10,3.109468191995753
magic,2,0,42,42,60,3,10,9363,0.08634880199999628,0.8516501121435437,0.8339566192969334,0.8430493273542601,60,474,7.9,0.3,8,3.0,3,10,2.9313697760988493
magic,2,0,42,42,60,4,10,9363,0.12285923900000029,0.8675638150165546,0.8414360508601346,0.852017937219731,60,921,15.35,1.4355602855099237,16,4.0,4,10,3.027976904943682
magic,2,0,42,42,60,5,10,9363,0.16458986300000333,0.8845455516394318,0.8474195961106956,0.8628550074738416,60,1660,27.666666666666668,4.58499969707984,32,5.0,5,10,3.1347473382208193
magic,2,0,42,42,80,3,10,9363,0.11909331100000031,0.8594467585175691,0.8429319371727748,0.850896860986547,80,634,7.925,0.26339134382131846,8,3.0,3,10,2.9861747435168
magic,2,0,42,42,80,4,10,9363,0.2821075430000022,0.8749332478906333,0.8474195961106956,0.8550074738415545,80,1208,15.1,1.6401219466856727,16,4.0,4,10,3.0777411663487015
magic,2,0,42,42,80,5,10,9363,0.1438954639999963,0.8953326925130835,0.8504113687359761,0.8624813153961136,80,2119,26.4875,5.37585748974059,32,5.0,5,10,3.176190276529126
magic,2,0,42,42,100,3,10,9363,0.12724512000000487,0.8653209441418349,0.843679880329095,0.8523916292974589,100,789,7.89,0.34336569426778796,8,3.0,3,10,3.0049534031162533
magic,2,0,42,42,100,4,10,9363,0.18742748900000095,0.8818754672647655,0.8496634255796559,0.8579970104633782,100,1470,14.7,2.0420577856662137,16,4.0,4,10,3.1180926678885723
magic,2,0,42,42,100,5,10,9363,0.20126222800000448,0.9008864680123891,0.8593866866118175,0.8658445440956651,100,2551,25.51,5.795679425227037,32,5.0,5,10,3.2013515820337948
magic,3,0,42,42,10,3,10,9363,0.03520337399999818,0.798248424650219,0.7845923709798055,0.7929745889387145,10,80,8.0,0.0,8,3.0,3,8,2.5031363023319373
magic,3,0,42,42,10,4,10,9363,0.03300649999999905,0.8172594253978426,0.8055347793567689,0.8056801195814649,10,160,16.0,0.0,16,4.0,4,9,2.720889869067666
magic,3,0,42,42,10,5,10,9363,0.02918111099999976,0.8419310050197586,0.8264771877337322,0.8254857997010463,10,313,31.3,0.9,32,5.0,5,10,2.866458641727581
magic,3,0,42,42,20,3,10,9363,0.04080713500000144,0.8137349140232831,0.7928197456993269,0.8165171898355755,20,160,8.0,0.0,8,3.0,3,8,2.640168412832653
magic,3,0,42,42,20,4,10,9363,0.056416663999996786,0.8382996902702126,0.8175018698578908,0.8258594917787743,20,318,15.9,0.3,16,4.0,4,10,2.8633234071522797
magic,3,0,42,42,20,5,10,9363,0.06168824899999947,0.8532521627683435,0.8294689603590127,0.8370702541106129,20,621,31.05,1.243985530462473,32,5.0,5,10,2.9429371806164033
magic,3,0,42,42,40,3,10,9363,0.08652927800000043,0.8397949375200257,0.8219895287958116,0.8389387144992526,40,318,7.95,0.21794494717703367,8,3.0,3,10,2.7671516887657415
magic,3,0,42,42,40,4,10,9363,0.08353898800000081,0.8607283990174089,0.8384442782348541,0.8452914798206278,40,631,15.775,0.41758232721225164,16,4.0,4,10,2.985158730873713
magic,3,0,42,42,40,5,10,9363,0.11520644199999452,0.8733311972658336,0.8414360508601346,0.8479073243647235,40,1218,30.45,1.909842925478428,32,5.0,5,10,3.0878230446543715
magic,3,0,42,42,60,3,10,9363,0.08200473699999833,0.8520773256434904,0.8332086761406133,0.8419282511210763,60,477,7.95,0.21794494717703367,8,3.0,3,10,2.876873088877035
magic,3,0,42,42,60,4,10,9363,0.10048032799999618,0.8705543095161807,0.8459237097980553,0.8535127055306427,60,930,15.5,1.02469507659596,16,4.0,4,10,3.063596606325995
magic,3,0,42,42,60,5,10,9363,0.15932678000000067,0.8836911246395386,0.8474195961106956,0.8546337817638266,60,1735,28.916666666666668,3.6800890689704175,32,5.0,5,10,3.168258315865701
magic,3,0,42,42,80,3,10,9363,0.11077209900000184,0.8600875787674891,0.8399401645474944,0.851644245142003,80,636,7.95,0.21794494717703367,8,3.0,3,10,2.9443599652840517
magic,3,0,42,42,80,4,10,9363,0.10687030599999758,0.8779237423902595,0.8459237097980553,0.8568759342301944,80,1227,15.3375,1.2839757591169703,16,4.0,4,10,3.1152927438431055
magic,3,0,42,42,80,5,10,9363,0.18075945500000046,0.8949054790131368,0.8481675392670157,0.8565022421524664,80,2225,27.8125,4.536225716385815,32,5.0,5,10,3.2055653889809568
magic,3,0,42,42,100,3,10,9363,0.09384688800000163,0.866175371141728,0.8451757666417352,0.8550074738415545,100,793,7.93,0.25514701644346144,8,3.0,3,10,3.000715609257429
magic,3,0,42,42,100,4,10,9363,0.19976614900000556,0.8824094841396988,0.8459237097980553,0.859118086696562,100,1505,15.05,1.6515144564913744,16,4.0,4,10,3.1436511907369242
magic,3,0,42,42,100,5,10,9363,0.19748999400000145,0.9049449962618819,0.8511593118922962,0.8579970104633782,100,2641,26.41,5.637543791404196,32,5.0,5,10,3.2234490936975244
magic,4,0,42,42,10,3,10,9363,0.03814703300000133,0.8031613798996048,0.7950635751682872,0.8004484304932735,10,80,8.0,0.0,8,3.0,3,7,2.499501352037119
magic,4,0,42,42,10,4,10,9363,0.029333358999998893,0.8174730321478159,0.8055347793567689,0.8183856502242153,10,160,16.0,0.0,16,4.0,4,8,2.6787463474723654
magic,4,0,42,42,10,5,10,9363,0.031390504999997404,0.8370180497703728,0.8107703814510098,0.8303437967115097,10,306,30.6,1.0198039027185568,32,5.0,5,9,2.7444638143599054
magic,4,0,42,42,20,3,10,9363,0.0375591629999974,0.8151233578981096,0.8130142109199701,0.8157698056801196,20,160,8.0,0.0,8,3.0,3,8,2.594477290369371
magic,4,0,42,42,20,4,10,9363,0.03867378300000013,0.836911246395386,0.818249813014211,0.8303437967115097,20,317,15.85,0.653834841531101,16,4.0,4,10,2.789771568706098
magic,4,0,42,42,20,5,10,9363,0.0428935079999988,0.8549610167681299,0.8242333582647718,0.8370702541106129,20,611,30.55,1.243985530462473,32,5.0,5,10,2.893570326455224
magic,4,0,42,42,40,3,10,9363,0.08177828000000176,0.8387269037701591,0.8309648466716529,0.8385650224215246,40,317,7.925,0.26339134382131846,8,3.0,3,10,2.7684197264295607
magic,4,0,42,42,40,4,10,9363,0.062405820000002166,0.8581651180177293,0.8369483919222139,0.8464125560538116,40,626,15.65,0.9367496997597597,16,4.0,4,10,2.9643306389602175
magic,4,0,42,42,40,5,10,9363,0.0868037560000019,0.8760012816404998,0.8354525056095736,0.8587443946188341,40,1178,29.45,2.312466215969436,32,5.0,5,10,3.064705949388531
magic,4,0,42,42,60,3,10,9363,0.07082227400000107,0.8510092918936238,0.8384442782348541,0.8486547085201793,60,477,7.95,0.21794494717703364,8,3.0,3,10,2.868452881113547
magic,4,0,42,42,60,4,10,9363,0.11846708900000635,0.8711951297661006,0.8391922213911742,0.8550074738415545,60,928,15.466666666666667,1.1469767022723503,16,4.0,4,10,3.048999569216326
magic,4,0,42,42,60,5,10,9363,0.17709506500000316,0.8871088326391114,0.8459237097980553,0.8587443946188341,60,1668,27.8,4.296510211788167,32,5.0,5,10,3.133019269353463
magic,4,0,42,42,80,3,10,9363,0.14485033400000447,0.8592331517675958,0.8399401645474944,0.8531390134529148,80,637,7.9625,0.1899835519196333,8,3.0,3,10,2.968722421406203
magic,4,0,42,42,80,4,10,9363,0.13810066399999954,0.8785645626401795,0.8429319371727748,0.8628550074738416,80,1215,15.1875,1.589762167747113,16,4.0,4,10,3.096734670099307
magic,4,0,42,42,80,5,10,9363,0.26867947000000214,0.8981095802627364,0.8466716529543755,0.8636023916292974,80,2157,26.9625,4.897559979214139,32,5.0,5,10,3.1663758675255016
magic,4,0,42,42,100,3,10,9363,0.08340551400000606,0.8650005340168749,0.8354525056095736,0.8557548579970105,100,792,7.92,0.3059411708155671,8,3.0,3,10,3.018782610104359
magic,4,0,42,42,100,4,10,9363,0.12206269800000058,0.8863612090142049,0.8489154824233358,0.8636023916292974,100,1501,15.01,1.7233397807745285,16,4.0,4,10,3.1394192455651586
magic,4,0,42,42,100,5,10,9363,0.1814336850000018,0.9049449962618819,0.8466716529543755,0.8643497757847534,100,2619,26.19,5.271992033377895,32,5.0,5,10,3.1947619611745255
raisin,0,0,42,42,10,3,7,630,0.007188408999994067,0.9,0.8333333333333334,0.8444444444444444,10,78,7.8,0.39999999999999997,8,3.0,3,7,2.4366560884181254
raisin,0,0,42,42,10,4,7,630,0.011833906000006778,0.926984126984127,0.8555555555555555,0.8388888888888889,10,145,14.5,1.02469507659596,16,4.0,4,7,2.512749241265274
raisin,0,0,42,42,10,5,7,630,0.01476187200000112,0.9333333333333333,0.8666666666666667,0.8444444444444444,10,223,22.3,2.1470910553583886,26,5.0,5,7,2.5859219865827434
raisin,0,0,42,42,20,3,7,630,0.02474466299999989,0.9031746031746032,0.8666666666666667,0.8388888888888889,20,157,7.85,0.3570714214271425,8,3.0,3,7,2.5665901329797447
raisin,0,0,42,42,20,4,7,630,0.022781455000000506,0.9317460317460318,0.8555555555555555,0.8444444444444444,20,289,14.45,1.2031209415515967,16,4.0,4,7,2.6165852298841297
raisin,0,0,42,42,20,5,7,630,0.054017790999999704,0.9365079365079365,0.8666666666666667,0.8444444444444444,20,449,22.45,2.108909670896314,26,5.0,5,7,2.635596008251764
raisin,0,0,42,42,40,3,7,630,0.026289007999999114,0.9158730158730158,0.8666666666666667,0.8444444444444444,40,313,7.825,0.3799671038392666,8,3.0,3,7,2.6987649540854997
raisin,0,0,42,42,40,4,7,630,0.04082131599999883,0.9412698412698413,0.8777777777777778,0.8444444444444444,40,540,13.5,1.6583123951777,16,4.0,4,7,2.6795749715647452
raisin,0,0,42,42,40,5,7,630,0.04589110900000293,0.9571428571428572,0.8777777777777778,0.85,40,771,19.275,4.38170914141959,26,5.0,5,7,2.7025704964059507
raisin,0,0,42,42,60,3,7,630,0.06240773400000421,0.9222222222222223,0.8666666666666667,0.8444444444444444,60,424,7.066666666666666,1.302134998974974,8,3.0,3,7,2.7164462075812574
raisin,0,0,42,42,60,4,7,630,0.07084160200000156,0.953968253968254,0.8777777777777778,0.8333333333333334,60,711,11.85,3.0866648668101306,16,4.0,4,7,2.675186274424219
raisin,0,0,42,42,60,5,7,630,0.05431655499999977,0.9682539682539683,0.8555555555555555,0.8444444444444444,60,1005,16.75,5.57262655008091,26,5.0,5,7,2.7064095346692127
raisin,0,0,42,42,80,3,7,630,0.0761076160000016,0.9380952380952381,0.8777777777777778,0.85,80,553,6.9125,1.3619264848001158,8,3.0,3,7,2.7054604358036123
raisin,0,0,42,42,80,4,7,630,0.092816329999998,0.9682539682539683,0.8777777777777778,0.8388888888888889,80,875,10.9375,3.2990292132686547,16,4.0,4,7,2.686668109621037
raisin,0,0,42,42,80,5,7,630,0.09685895399999822,0.9809523809523809,0.8555555555555555,0.8388888888888889,80,1202,15.025,5.907569297096734,26,5.0,5,7,2.708885510068623
raisin,0,0,42,42,100,3,7,630,0.06452736699999662,0.9492063492063492,0.8777777777777778,0.85,100,678,6.78,1.389820132247335,8,3.0,3,7,2.6872805778554985
raisin,0,0,42,42,100,4,7,630,0.07408322900000286,0.9761904761904762,0.8666666666666667,0.8388888888888889,100,1046,10.46,3.2601226970775197,16,4.0,4,7,2.6912857810731556
raisin,0,0,42,42,100,5,7,630,0.10616031200000009,0.9888888888888889,0.8555555555555555,0.85,100,1380,13.8,5.99666574022598,26,5.0,5,7,2.7259443024763748
raisin,1,0,42,42,10,3,7,630,0.012678199000006884,0.8888888888888888,0.8333333333333334,0.8555555555555555,10,80,8.0,0.0,8,3.0,3,7,2.2293235643644027
raisin,1,0,42,42,10,4,7,630,0.022478374000002077,0.9142857142857143,0.8666666666666667,0.8555555555555555,10,136,13.6,0.7999999999999999,15,4.0,4,7,2.4998991041519556
raisin,1,0,42,42,10,5,7,630,0.02553542400001163,0.9285714285714286,0.8666666666666667,0.8555555555555555,10,216,21.6,2.1540659228538015,25,5.0,5,7,2.5480780487528647
raisin,1,0,42,42,20,3,7,630,0.015365181000007055,0.8952380952380953,0.8666666666666667,0.8555555555555555,20,158,7.9,0.3,8,3.0,3,7,2.3557959150537946
raisin,1,0,42,42,20,4,7,630,0.018153308999998785,0.9238095238095239,0.8666666666666667,0.8611111111111112,20,271,13.55,0.739932429347437,15,4.0,4,7,2.5534421013330593
raisin,1,0,42,42,20,5,7,630,0.02516788900000222,0.9365079365079365,0.8666666666666667,0.8611111111111112,20,426,21.3,1.977371993328519,25,5.0,5,7,2.6406897067673687
raisin,1,0,42,42,40,3,7,630,0.043163980000002766,0.9079365079365079,0.8777777777777778,0.8611111111111112,40,304,7.6,0.6244997998398398,8,3.0,3,7,2.5247819279764965
raisin,1,0,42,42,40,4,7,630,0.04593448599999306,0.9349206349206349,0.8777777777777778,0.8666666666666667,40,501,12.525,1.9873034494007202,15,4.0,4,7,2.6184925501196874
raisin,1,0,42,42,40,5,7,630,0.05766241200001332,0.9523809523809523,0.8666666666666667,0.8666666666666667,40,722,18.05,4.324060591619872,25,5.0,5,7,2.6704355895732705
raisin,1,0,42,42,60,3,7,630,0.22144710999999973,0.9158730158730158,0.8777777777777778,0.8555555555555555,60,419,6.983333333333333,1.258195356673818,8,3.0,3,7,2.5828772450955766
raisin,1,0,42,42,60,4,7,630,0.09109772400000793,0.9492063492063492,0.8777777777777778,0.8555555555555555,60,682,11.366666666666667,2.9038288899696245,15,4.0,4,7,2.662342446241701
raisin,1,0,42,42,60,5,7,630,0.0637003209999989,0.9634920634920635,0.8555555555555555,0.8777777777777778,60,938,15.633333333333333,5.375768678885736,25,5.0,5,7,2.6930143174681764
raisin,1,0,42,42,80,3,7,630,0.04481924299999207,0.926984126984127,0.8888888888888888,0.8555555555555555,80,531,6.6375,1.4075133214289661,8,3.0,3,7,2.623350030451088
raisin,1,0,42,42,80,4,7,630,0.12252961899999093,0.9650793650793651,0.8777777777777778,0.8666666666666667,80,859,10.7375,3.180973710988508,15,4.0,4,7,2.6852515859157484
raisin,1,0,42,42,80,5,7,630,0.10185812800000349,0.9793650793650793,0.8555555555555555,0.8777777777777778,80,1158,14.475,5.520360042605916,25,5.0,5,7,2.709889916202595
raisin,1,0,42,42,100,3,7,630,0.0492817109999919,0.9349206349206349,0.8777777777777778,0.8722222222222222,100,664,6.64,1.410815367083872,8,3.0,3,7,2.676537860104085
raisin,1,0,42,42,100,4,7,630,0.14990198899999996,0.9714285714285714,0.8666666666666667,0.8722222222222222,100,1018,10.18,3.244626326713139,15,4.0,4,7,2.6964408189814226
raisin,1,0,42,42,100,5,7,630,0.21167407900000512,0.9904761904761905,0.8666666666666667,0.8777777777777778,100,1361,13.61,5.340215351462897,25,5.0,5,7,2.7059071801150916
raisin,2,0,42,42,10,3,7,630,0.019640222999996126,0.8873015873015873,0.8444444444444444,0.8888888888888888,10,80,8.0,0.0,8,3.0,3,6,2.174020526493068
raisin,2,0,42,42,10,4,7,630,0.011466333999990752,0.9063492063492063,0.8333333333333334,0.8944444444444445,10,143,14.3,1.1874342087037917,16,4.0,4,7,2.4854200832650593
raisin,2,0,42,42,10,5,7,630,0.020980966000010426,0.9222222222222223,0.8222222222222222,0.8888888888888888,10,218,21.8,2.2271057451320084,25,5.0,5,7,2.660876225811957
raisin,2,0,42,42,20,3,7,630,0.03905582999999524,0.8952380952380953,0.8333333333333334,0.8944444444444445,20,160,8.0,0.0,8,3.0,3,7,2.3356939057303157
raisin,2,0,42,42,20,4,7,630,0.019951704999996878,0.9158730158730158,0.8111111111111111,0.9111111111111111,20,273,13.65,1.194780314534852,16,4.0,4,7,2.530291895287206
raisin,2,0,42,42,20,5,7,630,0.07047291599999994,0.9301587301587302,0.8333333333333334,0.9,20,437,21.85,2.219797288042311,25,5.0,5,7,2.630055945820526
raisin,2,0,42,42,40,3,7,630,0.06881366900000785,0.9047619047619048,0.8111111111111111,0.9111111111111111,40,306,7.65,0.6144102863722254,8,3.0,3,7,2.574012067204099
raisin,2,0,42,42,40,4,7,630,0.07977200099999493,0.9238095238095239,0.8,0.9055555555555556,40,486,12.15,2.3081377775167584,16,4.0,4,7,2.61827248236585
raisin,2,0,42,42,40,5,7,630,0.06962683700000127,0.9349206349206349,0.8,0.9055555555555556,40,723,18.075,4.681813217120051,25,5.0,5,7,2.6703165665676805
raisin,2,0,42,42,60,3,7,630,0.07610474799999167,0.9174603174603174,0.8,0.9111111111111111,60,422,7.033333333333333,1.3412266359153806,8,3.0,3,7,2.6611231373149122
raisin,2,0,42,42,60,4,7,630,0.07317482999999925,0.9412698412698413,0.7888888888888889,0.8944444444444445,60,668,11.133333333333333,3.0521395046025592,16,4.0,4,7,2.686471263929611
raisin,2,0,42,42,60,5,7,630,0.19828453099999876,0.9603174603174603,0.8111111111111111,0.8722222222222222,60,938,15.633333333333333,5.546670673075476,25,5.0,5,7,2.710371005388742
raisin,2,0,42,42,80,3,7,630,0.0657036369999986,0.9365079365079365,0.8,0.9111111111111111,80,552,6.9,1.4543039572248988,8,3.0,3,7,2.7040538982412126
raisin,2,0,42,42,80,4,7,630,0.05200327000000016,0.9682539682539683,0.7888888888888889,0.8888888888888888,80,849,10.6125,3.2229402336996573,16,4.0,4,7,2.721895243620964
raisin,2,0,42,42,80,5,7,630,0.10565038900000445,0.9857142857142858,0.8,0.8722222222222222,80,1159,14.4875,5.533971787965674,25,5.0,5,7,2.7321993239298124
raisin,2,0,42,42,100,3,7,630,0.12795616800001142,0.9476190476190476,0.8111111111111111,0.9111111111111111,100,682,6.82,1.4722771478223793,8,3.0,3,7,2.71536032721693
raisin,2,0,42,42,100,4,7,630,0.06482930999999326,0.9809523809523809,0.7888888888888889,0.8944444444444445,100,1015,10.15,3.250769139757544,16,4.0,4,7,2.7308823713528123
raisin,2,0,42,42,100,5,7,630,0.0863556359999933,0.9920634920634921,0.8,0.8666666666666667,100,1366,13.66,5.569955116515751,25,5.0,5,7,2.7328485906645814
raisin,3,0,42,42,10,3,7,630,0.022806682999998884,0.8888888888888888,0.9,0.8666666666666667,10,79,7.9,0.3,8,3.0,3,6,2.0934613897779886
raisin,3,0,42,42,10,4,7,630,0.010461628999991035,0.9047619047619048,0.8777777777777778,0.8555555555555555,10,139,13.9,1.57797338380595,16,4.0,4,7,2.457973247483856
raisin,3,0,42,42,10,5,7,630,0.01574567100000479,0.9222222222222223,0.9111111111111111,0.8388888888888889,10,234,23.4,3.826225293941799,29,5.0,5,7,2.6374404297241116
raisin,3,0,42,42,20,3,7,630,0.015522521999997707,0.8873015873015873,0.8666666666666667,0.8666666666666667,20,159,7.95,0.21794494717703367,8,3.0,3,7,2.195900589285907
raisin,3,0,42,42,20,4,7,630,0.01983495399998958,0.9126984126984127,0.9,0.8555555555555555,20,281,14.05,1.3219304066402284,16,4.0,4,7,2.5134887087218485
raisin,3,0,42,42,20,5,7,630,0.04329513599999757,0.9365079365079365,0.9111111111111111,0.8611111111111112,20,450,22.5,3.442382895611701,29,5.0,5,7,2.6245010112435314
raisin,3,0,42,42,40,3,7,630,0.047688829000009036,0.9095238095238095,0.8888888888888888,0.8722222222222222,40,301,7.525,0.8656644846590392,8,3.0,3,7,2.389677969869978
raisin,3,0,42,42,40,4,7,630,0.03236660499999289,0.9301587301587302,0.9111111111111111,0.8611111111111112,40,499,12.475,2.2692234354509915,16,4.0,4,7,2.6185274734640354
raisin,3,0,42,42,40,5,7,630,0.054770040999997605,0.9507936507936507,0.9111111111111111,0.8666666666666667,40,763,19.075,4.931467834225424,29,5.0,5,7,2.6840632903577526
raisin,3,0,42,42,60,3,7,630,0.07446745499998997,0.9174603174603174,0.9111111111111111,0.8722222222222222,60,412,6.866666666666666,1.4197026292697903,8,3.0,3,7,2.568802221722107
raisin,3,0,42,42,60,4,7,630,0.08201512799999477,0.946031746031746,0.9222222222222223,0.85,60,686,11.433333333333334,3.0020363459195862,16,4.0,4,7,2.670335813149836
raisin,3,0,42,42,60,5,7,630,0.04796693700001242,0.9603174603174603,0.9111111111111111,0.8555555555555555,60,980,16.333333333333332,6.1931862199965835,29,5.0,5,7,2.7094152080723326
raisin,3,0,42,42,80,3,7,630,0.06755194199999437,0.9317460317460318,0.9,0.8611111111111112,80,547,6.8375,1.3824231443375072,8,3.0,3,7,2.6393197926238243
raisin,3,0,42,42,80,4,7,630,0.07330504300000484,0.9619047619047619,0.9222222222222223,0.8444444444444444,80,882,11.025,3.069914493923243,16,4.0,4,7,2.690950318482118
raisin,3,0,42,42,80,5,7,630,0.1362713400000075,0.9873015873015873,0.9,0.85,80,1229,15.3625,6.1201383767035855,29,5.0,5,7,2.706758882606475
raisin,3,0,42,42,100,3,7,630,0.05583567700000458,0.9396825396825397,0.8888888888888888,0.8611111111111112,100,683,6.83,1.3642213896578517,8,3.0,3,7,2.6636578989550896
raisin,3,0,42,42,100,4,7,630,0.09987859999999671,0.9777777777777777,0.9222222222222223,0.8277777777777777,100,1084,10.84,3.205370493406339,16,4.0,4,7,2.6826062245518876
raisin,3,0,42,42,100,5,7,630,0.1063980010000023,0.9952380952380953,0.8777777777777778,0.8611111111111112,100,1443,14.43,6.032006299731459,29,5.0,5,7,2.7172335962529273
raisin,4,0,42,42,10,3,7,630,0.01182988000000762,0.8936507936507937,0.8666666666666667,0.8388888888888889,10,76,7.6,0.4898979485566356,8,3.0,3,5,2.0148819826580873
raisin,4,0,42,42,10,4,7,630,0.010648871000000781,0.9126984126984127,0.8333333333333334,0.8333333333333334,10,137,13.7,0.6403124237432849,15,4.0,4,7,2.2864417530812493
raisin,4,0,42,42,10,5,7,630,0.01167203900000402,0.9333333333333333,0.8777777777777778,0.85,10,227,22.7,1.9000000000000001,27,5.0,5,7,2.424126778327555
raisin,4,0,42,42,20,3,7,630,0.016995894999993766,0.8984126984126984,0.8555555555555555,0.8444444444444444,20,155,7.75,0.4330127018922193,8,3.0,3,7,2.1650402236856743
raisin,4,0,42,42,20,4,7,630,0.023020150999997213,0.9285714285714286,0.8444444444444444,0.8444444444444444,20,269,13.45,0.864580823289529,15,4.0,4,7,2.427775448446854
raisin,4,0,42,42,20,5,7,630,0.020405203999999344,0.9412698412698413,0.8555555555555555,0.8333333333333334,20,440,22.0,2.1213203435596424,27,5.0,5,7,2.6170913693336693
raisin,4,0,42,42,40,3,7,630,0.02637125200000412,0.9253968253968254,0.8777777777777778,0.8444444444444444,40,305,7.625,0.5332682251925386,8,3.0,3,7,2.547223492721566
raisin,4,0,42,42,40,4,7,630,0.028858882000008634,0.9380952380952381,0.8555555555555555,0.8388888888888889,40,509,12.725,1.8572493101358258,15,4.0,4,7,2.525191541180143
raisin,4,0,42,42,40,5,7,630,0.03245684700000595,0.9492063492063492,0.8666666666666667,0.8277777777777777,40,739,18.475,4.1891974171671595,27,5.0,5,7,2.647421574296672
raisin,4,0,42,42,60,3,7,630,0.0632587559999962,0.9365079365079365,0.8777777777777778,0.8388888888888889,60,429,7.15,1.2086493839543928,8,3.0,3,7,2.5884606242037815
raisin,4,0,42,42,60,4,7,630,0.04712007399999152,0.9507936507936507,0.8444444444444444,0.85,60,682,11.366666666666667,2.8517051429315448,15,4.0,4,7,2.6149717445530727
raisin,4,0,42,42,60,5,7,630,0.04800314099999525,0.9619047619047619,0.8777777777777778,0.8333333333333334,60,969,16.15,5.221190796488224,27,5.0,5,7,2.6708410796232944
raisin,4,0,42,42,80,3,7,630,0.05364884700000516,0.9444444444444444,0.8888888888888888,0.8388888888888889,80,558,6.975,1.3131545986668895,8,3.0,3,7,2.6396376314996144
raisin,4,0,42,42,80,4,7,630,0.05466633800000409,0.9603174603174603,0.8444444444444444,0.8555555555555555,80,856,10.7,3.1040296390337514,15,4.0,4,7,2.6541046642426056
raisin,4,0,42,42,80,5,7,630,0.10599573400000395,0.9873015873015873,0.8666666666666667,0.8444444444444444,80,1214,15.175,5.368368001543859,27,5.0,5,7,2.674449236571234
raisin,4,0,42,42,100,3,7,630,0.06701933399999405,0.9555555555555556,0.8888888888888888,0.8277777777777777,100,684,6.84,1.3690872872099866,8,3.0,3,7,2.659851533214173
raisin,4,0,42,42,100,4,7,630,0.07031597799999645,0.9777777777777777,0.8333333333333334,0.85,100,1041,10.41,3.046621079162947,15,4.0,4,7,2.6697023763958256
raisin,4,0,42,42,100,5,7,630,0.09213221800000326,0.9936507936507937,0.8777777777777778,0.8444444444444444,100,1433,14.33,5.1440353809047625,27,5.0,5,7,2.685037988458779
bidding,0,0,42,42,10,3,9,4424,0.021525838000002295,0.9862115732368897,0.9857594936708861,0.9857707509881423,10,78,7.8,0.39999999999999997,8,3.0,3,6,2.259983427545352
bidding,0,0,42,42,10,4,9,4424,0.011370333999991544,0.9948010849909584,1.0,0.9952569169960475,10,122,12.2,1.5362291495737217,15,4.0,4,8,2.562668489085224
bidding,0,0,42,42,10,5,9,4424,0.020091417000003275,0.9948010849909584,1.0,0.9952569169960475,10,152,15.2,1.8330302779823362,18,5.0,5,9,2.781190876174447
bidding,0,0,42,42,20,3,9,4424,0.021439911999991068,0.9945750452079566,0.9968354430379747,0.9944664031620554,20,158,7.9,0.30000000000000004,8,3.0,3,8,2.334239854239219
bidding,0,0,42,42,20,4,9,4424,0.024123875000000794,0.9943490054249547,0.9968354430379747,0.9944664031620554,20,251,12.55,1.2031209415515967,15,4.0,4,9,2.6721078727174885
bidding,0,0,42,42,20,5,9,4424,0.03139306500000316,0.9984177215189873,1.0,0.9976284584980237,20,326,16.3,2.1702534414210706,20,5.0,5,9,2.782472234686827
bidding,0,0,42,42,40,3,9,4424,0.02985326099999952,0.9981916817359855,0.9968354430379747,0.9968379446640316,40,304,7.6,0.48989794855663565,8,3.0,3,8,2.2975687202075625
bidding,0,0,42,42,40,4,9,4424,0.06583753299999273,0.9984177215189873,0.9984177215189873,0.9976284584980237,40,466,11.65,1.4756354563373706,15,4.0,4,9,2.6418876246669423
bidding,0,0,42,42,40,5,9,4424,0.04612556099999665,0.9986437613019892,1.0,0.9976284584980237,40,601,15.025,2.5346350822159787,20,5.0,5,9,2.755231274283328
bidding,0,0,42,42,60,3,9,4424,0.05271123500000385,0.9984177215189873,0.9968354430379747,0.9968379446640316,60,445,7.416666666666667,0.6135054106435321,8,3.0,3,8,2.4406557668218007
bidding,0,0,42,42,60,4,9,4424,0.0499465970000017,0.9990958408679927,1.0,0.9976284584980237,60,664,11.066666666666666,1.6519348924485158,15,4.0,4,9,2.7229787183194665
bidding,0,0,42,42,60,5,9,4424,0.05618248999999764,0.9993218806509946,1.0,0.9976284584980237,60,817,13.616666666666667,2.989379348441561,20,5.0,5,9,2.8038052263793705
bidding,0,0,42,42,80,3,9,4424,0.059408793999992326,0.9990958408679927,0.9984177215189873,0.9976284584980237,80,581,7.2625,0.6469882147303767,8,3.0,3,9,2.5434830406556865
bidding,0,0,42,42,80,4,9,4424,0.09188237400000787,0.9993218806509946,1.0,0.9984189723320158,80,821,10.2625,2.1432670738851005,15,4.0,4,9,2.7922502499446424
bidding,0,0,42,42,80,5,9,4424,0.06693774600000779,1.0,1.0,0.9976284584980237,80,989,12.3625,3.4468962488012314,20,5.0,5,9,2.8357647070257217
bidding,0,0,42,42,100,3,9,4424,0.056734528999996314,0.9993218806509946,0.9984177215189873,0.9976284584980237,100,699,6.99,0.9326842981416597,8,3.0,3,9,2.5879053344039717
bidding,0,0,42,42,100,4,9,4424,0.10424210700000458,0.9997739602169982,1.0,0.9984189723320158,100,954,9.54,2.4996799795173787,15,4.0,4,9,2.8324082059661873
bidding,0,0,42,42,100,5,9,4424,0.08477519699999903,1.0,1.0,0.9976284584980237,100,1120,11.2,3.872983346207417,20,4.94,5,9,2.866438467523329
bidding,1,0,42,42,10,3,9,4424,0.017192526000002317,0.9857594936708861,0.990506329113924,0.9849802371541502,10,80,8.0,0.0,8,3.0,3,8,2.5811226545340067
bidding,1,0,42,42,10,4,9,4424,0.014875165000006518,0.9950271247739603,0.9968354430379747,0.9960474308300395,10,127,12.7,1.3453624047073711,15,4.0,4,9,2.8757868939445883
bidding,1,0,42,42,10,5,9,4424,0.016527313000011645,0.9950271247739603,0.9968354430379747,0.9960474308300395,10,164,16.4,2.2,21,5.0,5,9,2.9447045903171074
bidding,1,0,42,42,20,3,9,4424,0.020421572999993032,0.995253164556962,0.9968354430379747,0.9960474308300395,20,160,8.0,0.0,8,3.0,3,8,2.492073603512898
bidding,1,0,42,42,20,4,9,4424,0.019451179000000707,0.9950271247739603,0.9968354430379747,0.9960474308300395,20,260,13.0,1.140175425099138,15,4.0,4,9,2.829827008089214
bidding,1,0,42,42,20,5,9,4424,0.026920814999996878,0.9981916817359855,0.9984177215189873,0.9976284584980237,20,347,17.35,2.6509432283623124,22,5.0,5,9,2.9169976238203756
bidding,1,0,42,42,40,3,9,4424,0.04151587999999151,0.9970614828209765,0.9984177215189873,0.9992094861660079,40,306,7.65,0.4769696007084729,8,3.0,3,8,2.4068628550742925
bidding,1,0,42,42,40,4,9,4424,0.059206066000001556,0.9984177215189873,0.9984177215189873,0.9984189723320158,40,483,12.075,1.5229494410518032,15,4.0,4,9,2.752565139787418
bidding,1,0,42,42,40,5,9,4424,0.06605109400000231,0.9984177215189873,0.9984177215189873,0.9984189723320158,40,615,15.375,3.1119728469252426,22,5.0,5,9,2.81511614715178
bidding,1,0,42,42,60,3,9,4424,0.037397342999994976,0.9984177215189873,0.9984177215189873,0.9984189723320158,60,452,7.533333333333333,0.5617433182117572,8,3.0,3,8,2.518545897304336
bidding,1,0,42,42,60,4,9,4424,0.06213173300000108,0.9990958408679927,0.9984177215189873,0.9984189723320158,60,681,11.35,1.851350858157362,15,4.0,4,9,2.7454694408239164
bidding,1,0,42,42,60,5,9,4424,0.053831130000006056,0.9993218806509946,0.9984177215189873,0.9984189723320158,60,828,13.8,3.553402125663048,22,5.0,5,9,2.8351124810025263
bidding,1,0,42,42,80,3,9,4424,0.049779674000006935,0.9990958408679927,0.9984177215189873,0.9984189723320158,80,585,7.3125,0.699888383958471,8,3.0,3,8,2.56879558009921
bidding,1,0,42,42,80,4,9,4424,0.0737861329999987,0.9993218806509946,0.9984177215189873,0.9976284584980237,80,831,10.3875,2.369038570813063,15,4.0,4,9,2.7654387200349158
bidding,1,0,42,42,80,5,9,4424,0.10168305799999189,0.9997739602169982,0.9984177215189873,0.9984189723320158,80,994,12.425,3.9362894964674537,22,5.0,5,9,2.8672027835040566
bidding,1,0,42,42,100,3,9,4424,0.0723642779999949,0.9990958408679927,0.9984177215189873,0.9984189723320158,100,704,7.04,0.8935323161475469,8,3.0,3,8,2.5761737736994212
bidding,1,0,42,42,100,4,9,4424,0.07229045100000064,0.9997739602169982,0.9984177215189873,0.9976284584980237,100,952,9.52,2.7766166462081148,15,4.0,4,9,2.785048147547465
bidding,1,0,42,42,100,5,9,4424,0.0855621369999966,1.0,0.9984177215189873,0.9976284584980237,100,1131,11.31,4.175392197147473,22,4.95,5,9,2.8748805666379167
bidding,2,0,42,42,10,3,9,4424,0.013533301000009601,0.984629294755877,0.9873417721518988,0.9905138339920949,10,80,8.0,0.0,8,3.0,3,6,2.3271159015747886
bidding,2,0,42,42,10,4,9,4424,0.013194414000011534,0.994122965641953,0.995253164556962,1.0,10,115,11.5,1.5,14,4.0,4,8,2.5682063497685874
bidding,2,0,42,42,10,5,9,4424,0.027626510999994025,0.994122965641953,0.995253164556962,1.0,10,141,14.1,2.4677925358506134,19,5.0,5,8,2.6601252247283798
bidding,2,0,42,42,20,3,9,4424,0.020292692999987594,0.994122965641953,0.995253164556962,0.9928853754940712,20,160,8.0,0.0,8,3.0,3,7,2.3967309716588177
bidding,2,0,42,42,20,4,9,4424,0.04327908500000888,0.9975135623869801,0.9984177215189873,1.0,20,236,11.8,1.5362291495737217,14,4.0,4,8,2.6917983762295625
bidding,2,0,42,42,20,5,9,4424,0.042020598999997105,0.9979656419529838,0.9984177215189873,1.0,20,310,15.5,2.80178514522438,21,5.0,5,8,2.7612613370244845
bidding,2,0,42,42,40,3,9,4424,0.047530000000008954,0.9950271247739603,0.995253164556962,0.9928853754940712,40,303,7.575,0.5425633603552676,8,3.0,3,8,2.432984096374274
bidding,2,0,42,42,40,4,9,4424,0.043006212999998183,0.9984177215189873,0.9984177215189873,0.9992094861660079,40,442,11.05,1.6725728683677732,14,4.0,4,8,2.6789285283232274
bidding,2,0,42,42,40,5,9,4424,0.04707779700000003,0.9986437613019892,0.9984177215189873,0.9992094861660079,40,591,14.775,2.743059423344671,21,5.0,5,8,2.810708350228302
bidding,2,0,42,42,60,3,9,4424,0.04155494500000145,0.9984177215189873,0.9968354430379747,0.9984189723320158,60,444,7.4,0.6633249580710799,8,3.0,3,8,2.54371972098617
bidding,2,0,42,42,60,4,9,4424,0.06452069300000574,0.9990958408679927,0.9984177215189873,0.9968379446640316,60,638,10.633333333333333,1.8070848224573066,14,4.0,4,9,2.7429217873251357
bidding,2,0,42,42,60,5,9,4424,0.05426254500000027,0.9995479204339964,0.9984177215189873,0.9976284584980237,60,814,13.566666666666666,2.917571288284525,21,5.0,5,9,2.8607599765423672
bidding,2,0,42,42,80,3,9,4424,0.04836666999999295,0.9986437613019892,0.9968354430379747,0.9976284584980237,80,587,7.3375,0.7406711483512775,8,3.0,3,9,2.6367695701471607
bidding,2,0,42,42,80,4,9,4424,0.13259952800000008,0.9993218806509946,0.9984177215189873,0.9984189723320158,80,809,10.1125,1.923497790484824,14,4.0,4,9,2.822412743990341
bidding,2,0,42,42,80,5,9,4424,0.07825008599999705,0.9997739602169982,0.9984177215189873,0.9976284584980237,80,979,12.2375,3.4721886109484315,21,5.0,5,9,2.8743889011404717
bidding,2,0,42,42,100,3,9,4424,0.07216746800000351,0.9990958408679927,0.9968354430379747,0.9976284584980237,100,715,7.15,0.8529361054615989,8,3.0,3,9,2.681372524232133
bidding,2,0,42,42,100,4,9,4424,0.09301266900000371,0.9997739602169982,0.9984177215189873,0.9984189723320158,100,947,9.47,2.251466188953323,14,4.0,4,9,2.8473588235871334
bidding,2,0,42,42,100,5,9,4424,0.23182226499999103,0.9997739602169982,0.9984177215189873,0.9976284584980237,100,1115,11.15,3.8088712238667246,21,4.96,5,9,2.8948664687531065
bidding,3,0,42,42,10,3,9,4424,0.01415939700000024,0.9850813743218807,0.9778481012658228,0.983399209486166,10,78,7.8,0.39999999999999997,8,3.0,3,7,2.3818032666409357
bidding,3,0,42,42,10,4,9,4424,0.012646187000001419,0.9938969258589512,0.9889240506329114,0.9936758893280633,10,126,12.6,1.0198039027185568,14,4.0,4,9,2.838809789720114
bidding,3,0,42,42,10,5,9,4424,0.018290922000005594,0.9938969258589512,0.9889240506329114,0.9936758893280633,10,166,16.6,1.2,18,5.0,5,9,2.81817243576985
bidding,3,0,42,42,20,3,9,4424,0.018803015000003143,0.9934448462929476,0.990506329113924,0.9928853754940712,20,158,7.9,0.30000000000000004,8,3.0,3,7,2.4038757853247006
bidding,3,0,42,42,20,4,9,4424,0.026117288999998323,0.9950271247739603,0.9889240506329114,0.9936758893280633,20,257,12.85,1.0136567466356647,15,4.0,4,9,2.82147791149538
bidding,3,0,42,42,20,5,9,4424,0.026175178999992,0.9972875226039783,0.9920886075949367,0.9960474308300395,20,353,17.65,1.49248115565993,20,5.0,5,9,2.8233705632887363
bidding,3,0,42,42,40,3,9,4424,0.031281453999994824,0.9945750452079566,0.9920886075949367,0.9936758893280633,40,303,7.575,0.49434299833212975,8,3.0,3,9,2.4220163528164047
bidding,3,0,42,42,40,4,9,4424,0.05959694700000284,0.9975135623869801,0.9936708860759493,0.9952569169960475,40,483,12.075,1.1913752557443855,15,4.0,4,9,2.7513945013360392
bidding,3,0,42,42,40,5,9,4424,0.2953656650000056,0.9979656419529838,0.9936708860759493,0.9952569169960475,40,648,16.2,2.2494443758403984,20,5.0,5,9,2.7863683632802783
bidding,3,0,42,42,60,3,9,4424,0.09530272100001014,0.9975135623869801,0.9936708860759493,0.9952569169960475,60,445,7.416666666666667,0.585709446360186,8,3.0,3,9,2.566147703747891
bidding,3,0,42,42,60,4,9,4424,0.11798215000000312,0.9979656419529838,0.9936708860759493,0.9936758893280633,60,661,11.016666666666667,2.061485440701006,15,4.0,4,9,2.7466626192801433
bidding,3,0,42,42,60,5,9,4424,0.17033363199999485,0.9993218806509946,0.9936708860759493,0.9952569169960475,60,868,14.466666666666667,3.3038697848970306,20,5.0,5,9,2.799730131372222
bidding,3,0,42,42,80,3,9,4424,0.12478700200000503,0.9979656419529838,0.9920886075949367,0.9952569169960475,80,579,7.2375,0.8402938474129155,8,3.0,3,9,2.6366029368480732
bidding,3,0,42,42,80,4,9,4424,0.14110763799999404,0.9995479204339964,0.9936708860759493,0.9944664031620554,80,832,10.4,2.1943108257491692,15,4.0,4,9,2.812532413665733
bidding,3,0,42,42,80,5,9,4424,0.19312433700000042,1.0,0.9920886075949367,0.9952569169960475,80,1017,12.7125,4.1958126447685915,20,5.0,5,9,2.8320004342686724
bidding,3,0,42,42,100,3,9,4424,0.12493534600000089,0.9986437613019892,0.9920886075949367,0.9960474308300395,100,694,6.94,1.0470912090166742,8,3.0,3,9,2.686145050026425
bidding,3,0,42,42,100,4,9,4424,0.16092795299999807,0.9997739602169982,0.9936708860759493,0.9944664031620554,100,961,9.61,2.6034400319577173,15,4.0,4,9,2.80948296264237
bidding,3,0,42,42,100,5,9,4424,0.15114541699999506,1.0,0.9920886075949367,0.9952569169960475,100,1148,11.48,4.502177251064201,20,4.92,5,9,2.841243316608183
bidding,4,0,42,42,10,3,9,4424,0.01656602900000337,0.9859855334538878,0.9841772151898734,0.9873517786561264,10,80,8.0,0.0,8,3.0,3,7,2.3620874760752195
bidding,4,0,42,42,10,4,9,4424,0.010793187000004423,0.9954792043399638,0.9936708860759493,0.9960474308300395,10,130,13.0,1.0,14,4.0,4,9,2.8271780821157284
bidding,4,0,42,42,10,5,9,4424,0.012294637000010766,0.9954792043399638,0.9936708860759493,0.9960474308300395,10,172,17.2,2.3151673805580453,21,5.0,5,9,2.8705152384341845
bidding,4,0,42,42,20,3,9,4424,0.013815370000003213,0.9950271247739603,0.9936708860759493,0.9952569169960475,20,160,8.0,0.0,8,3.0,3,7,2.299741060420566
bidding,4,0,42,42,20,4,9,4424,0.017166244999998526,0.9954792043399638,0.9936708860759493,0.9960474308300395,20,248,12.4,1.3564659966250536,14,4.0,4,9,2.780351026988567
bidding,4,0,42,42,20,5,9,4424,0.02969809599998996,0.9979656419529838,0.9984177215189873,0.9984189723320158,20,345,17.25,2.426417111710186,21,5.0,5,9,2.8716701325258818
bidding,4,0,42,42,40,3,9,4424,0.038943472999989126,0.9950271247739603,0.9936708860759493,0.9952569169960475,40,302,7.55,0.5894913061275798,8,3.0,3,9,2.3236860336514176
bidding,4,0,42,42,40,4,9,4424,0.10937712499999463,0.9984177215189873,1.0,0.9984189723320158,40,445,11.125,1.899835519196333,14,4.0,4,9,2.742804631867473
bidding,4,0,42,42,40,5,9,4424,0.059899137000002156,0.9988698010849909,1.0,0.9984189723320158,40,616,15.4,2.896549671592048,21,5.0,5,9,2.826759041061693
bidding,4,0,42,42,60,3,9,4424,0.04190301199999169,0.9988698010849909,1.0,0.9984189723320158,60,447,7.45,0.6934214687571573,8,3.0,3,9,2.5673756893577506
bidding,4,0,42,42,60,4,9,4424,0.049175100999988786,0.9990958408679927,1.0,0.9976284584980237,60,626,10.433333333333334,2.052369903848286,14,4.0,4,9,2.7550041483063623
bidding,4,0,42,42,60,5,9,4424,0.1828806129999947,0.9993218806509946,1.0,0.9984189723320158,60,841,14.016666666666667,3.180627121950778,21,5.0,5,9,2.8498705301140665
bidding,4,0,42,42,80,3,9,4424,0.07875526300000502,0.9990958408679927,1.0,0.9984189723320158,80,584,7.3,0.812403840463596,8,3.0,3,9,2.6457884950086585
bidding,4,0,42,42,80,4,9,4424,0.1284018030000027,0.9993218806509946,1.0,0.9976284584980237,80,795,9.9375,2.105610065990377,14,4.0,4,9,2.8335430750518515
bidding,4,0,42,42,80,5,9,4424,0.2588498910000112,0.9997739602169982,1.0,0.9976284584980237,80,1011,12.6375,3.6886438903748897,21,4.9875,5,9,2.8837617938690774
bidding,4,0,42,42,100,3,9,4424,0.0791473620000005,0.9990958408679927,1.0,0.9976284584980237,100,708,7.08,0.9239047569960878,8,3.0,3,9,2.7127845661744723
bidding,4,0,42,42,100,4,9,4424,0.30280700599999477,0.9997739602169982,1.0,0.9976284584980237,100,941,9.41,2.2938831705211147,14,4.0,4,9,2.9002901246421917
bidding,4,0,42,42,100,5,9,4424,0.34093941499999403,0.9997739602169982,1.0,0.9976284584980237,100,1148,11.48,4.04346386159194,21,4.92,5,9,2.910393271321017
